Workbook

Sheet Anotações Gerais
A1: Nome | C1: Claudinei Rogério Gasparoto | E1: Agenda
F2: Seg | G2: Ter | H2: Qua | I2: Qui | J2: Sex | K2: Sáb | L2: Dom
A3: Objetivo | E3: Atividade
E4: Tempo máximo
A5: Obs importante 1 | E5: Tempo ideal
A6: Obs importante 2 | E6: Atividade 2
E7: Tempo máximo 2
A8: Anotações gerais | E8: Tempo ideal 2
E10: Roteiro
E11: Explicar o motivo da avaliação e o serviços que serão feitos
E12: Perguntar sobre histórico com AF (relação com AF)
E13: Histórico Médico (ver anamnese)
E14: Se faz algum tratamento médico ou possui alguma doença
A15: 45933 | E15: Mais alguma coisa?
E16: Objetivos?
A17: 45938 | E17: Agenda
A20: 46064

Sheet Avaliação
A1: Nome | B1: ='Anotações Gerais'!C1 -> Claudinei Rogério Gasparoto | F1: Data de Nascimento | H1: 26471 | J1: Sexo | K1: Masculino | N1: NAF | O1: Ativo | R1: PAR-Q e VOCÊ | T1: Negativo | V1: Estratificação do Risco ACSM | Y1: Baixo risco
A2: Versão 4.5.11 | C2: △%Total | D2: Av1 | E2: △% | F2: Av2 | G2: △% | H2: Av3 | I2: △% | J2: Av4 | K2: △% | L2: Av5 | M2: △% | N2: Av6 | O2: △% | P2: Av7 | Q2: △% | R2: Av8 | S2: △% | T2: Av9 | U2: △% | V2: Av10 | W2: △% | X2: Av11 | Y2: △% | Z2: Av12 | AA2: △% | AB2: Av13 | AC2: △% | AD2: Av14 | AE2: △% | AF2: Av15
A3: Data da avaliação(DD/MM/YYYY) | C3: - | D3: 44517 | F3: 44733 | H3: 44949 | J3: 45078 | L3: 45301 | N3: 45433 | P3: 45611 | R3: 45752 | T3: 45829 | V3: 45938 | X3: 45993 | Z3: 46064
A4: Tipo de Avaliação | R4: COMPLETA | T4: PARCIAL | V4: COMPLETA | X4: PARCIAL | Z4: COMPLETA
A5: Hora da avaliação(hh:mm) | C5: - | D5: 0.47916667 | E5: - | F5: 0.47916667 | G5: - | H5: 0.47916667 | I5: - | J5: 0.47916667 | K5: - | L5: 0.625 | M5: - | N5: 0.58333333 | O5: - | P5: 0.33333333 | Q5: - | R5: 0.375 | S5: - | T5: 0.33333333 | U5: - | V5: 0.33333333 | W5: - | X5: 0.33333333 | Y5: - | Z5: 0.72916667 | AA5: - | AC5: - | AE5: -
A6: Avaliador | C6: - | D6: Luis Felipe | E6: - | F6: Luis Felipe | G6: - | H6: Luis Felipe | I6: - | J6: Luis Felipe | K6: - | L6: Luis Felipe | M6: - | N6: Luis Felipe | O6: - | P6: Luis Felipe | Q6: - | R6: Luis Felipe | S6: - | T6: Luis Felipe | U6: - | V6: Luis Felipe | W6: - | X6: Luis Felipe | Y6: - | Z6: Luis Felipe | AA6: - | AC6: - | AE6: -
A7: Idade | C7: - | D7: =IF(D3="","",DATEDIF($H$1,D3,"Y")) -> 49 | E7: - | F7: =IF(F3="","",DATEDIF($H$1,F3,"Y")) -> 50 | G7: - | H7: =IF(H3="","",DATEDIF($H$1,H3,"Y")) -> 50 | I7: - | J7: =IF(J3="","",DATEDIF($H$1,J3,"Y")) -> 50 | K7: - | L7: =IF(L3="","",DATEDIF($H$1,L3,"Y")) -> 51 | M7: - | N7: =IF(N3="","",DATEDIF($H$1,N3,"Y")) -> 51 | O7: - | P7: =IF(P3="","",DATEDIF($H$1,P3,"Y")) -> 52 | Q7: - | R7: =IF(R3="","",DATEDIF($H$1,R3,"Y")) -> 52 | S7: - | T7: =IF(T3="","",DATEDIF($H$1,T3,"Y")) -> 53 | U7: - | V7: =IF(V3="","",DATEDIF($H$1,V3,"Y")) -> 53 | W7: - | X7: =IF(X3="","",DATEDIF($H$1,X3,"Y")) -> 53 | Y7: - | Z7: =IF(Z3="","",DATEDIF($H$1,Z3,"Y")) -> 53 | AA7: - | AB7: =IF(AB3="","",DATEDIF($H$1,AB3,"Y")) | AC7: - | AD7: =IF(AD3="","",DATEDIF($H$1,AD3,"Y")) | AE7: - | AF7: =IF(AF3="","",DATEDIF($H$1,AF3,"Y"))
A8: Data da reavaliação | C8: - | D8: =IF(D3="","",D3+56) -> 44573 | E8: - | F8: =IF(F3="","",F3+56) -> 44789 | G8: - | H8: =IF(H3="","",H3+56) -> 45005 | I8: - | J8: =IF(J3="","",J3+56) -> 45134 | K8: - | L8: =IF(L3="","",L3+56) -> 45357 | M8: - | N8: =IF(N3="","",N3+56) -> 45489 | O8: - | P8: =IF(P3="","",P3+56) -> 45667 | Q8: - | R8: =IF(R3="","",R3+56) -> 45808 | S8: - | T8: =IF(T3="","",T3+56) -> 45885 | U8: - | V8: =IF(V3="","",V3+56) -> 45994 | W8: - | X8: =IF(X3="","",X3+56) -> 46049 | Y8: - | Z8: =IF(Z3="","",Z3+56) -> 46120 | AA8: - | AB8: =IF(AB3="","",AB3+56) | AC8: - | AD8: =IF(AD3="","",AD3+56) | AE8: - | AF8: =IF(AF3="","",AF3+56)
A9: Peso e altura | C9: ='BD tratado'!A147 -> 15 | D9: 1 | F9: 2 | H9: 3 | J9: 4 | L9: 5 | N9: 6 | P9: 7 | R9: 8 | T9: 9 | V9: 10 | X9: 11 | Z9: 12 | AB9: 13 | AD9: 14 | AF9: 15
A10: Peso (kg) | C10: ='BD tratado'!D8 -> #NAME? | D10: 75.7 | E10: =IF(OR(D10="",F10=""),"-",(F10-D10)*100/D10) -> -10.171731 | F10: 68 | G10: =IF(OR(F10="",H10=""),"-",(H10-F10)*100/F10) -> -7.7941176 | H10: 62.7 | I10: =IF(OR(H10="",J10=""),"-",(J10-H10)*100/H10) -> 3.5087719 | J10: 64.9 | K10: =IF(OR(J10="",L10=""),"-",(L10-J10)*100/J10) -> 4.3143297 | L10: 67.7 | M10: =IF(OR(L10="",N10=""),"-",(N10-L10)*100/L10) -> -0.14771049 | N10: 67.6 | O10: =IF(OR(N10="",P10=""),"-",(P10-N10)*100/N10) -> 0 | P10: 67.6 | Q10: =IF(OR(P10="",R10=""),"-",(R10-P10)*100/P10) -> 4.5857988 | R10: 70.7 | S10: =IF(OR(R10="",T10=""),"-",(T10-R10)*100/R10) -> -2.4045262 | T10: 69 | U10: =IF(OR(T10="",V10=""),"-",(V10-T10)*100/T10) -> -0.57971014 | V10: 68.6 | W10: =IF(OR(V10="",X10=""),"-",(X10-V10)*100/V10) -> -2.3323615 | X10: 67 | Y10: =IF(OR(X10="",Z10=""),"-",(Z10-X10)*100/X10) -> 4.4776119 | Z10: 70 | AA10: =IF(OR(Z10="",AB10=""),"-",(AB10-Z10)*100/Z10) -> - | AC10: =IF(OR(AB10="",AD10=""),"-",(AD10-AB10)*100/AB10) -> - | AE10: =IF(OR(AD10="",AF10=""),"-",(AF10-AD10)*100/AD10) -> -
A11: Estatura (cm) | C11: ='BD tratado'!D9 -> #NAME? | D11: 172.8 | E11: =IF(OR(D11="",F11=""),"-",(F11-D11)*100/D11) -> -0.46296296 | F11: 172 | G11: =IF(OR(F11="",H11=""),"-",(H11-F11)*100/F11) -> 0 | H11: 172 | I11: =IF(OR(H11="",J11=""),"-",(J11-H11)*100/H11) -> 0 | J11: 172 | K11: =IF(OR(J11="",L11=""),"-",(L11-J11)*100/J11) -> 0 | L11: 172 | M11: =IF(OR(L11="",N11=""),"-",(N11-L11)*100/L11) -> 0 | N11: 172 | O11: =IF(OR(N11="",P11=""),"-",(P11-N11)*100/N11) -> 0 | P11: 172 | R11: 172 | S11: =IF(OR(R11="",T11=""),"-",(T11-R11)*100/R11) -> 0 | T11: 172 | U11: =IF(OR(T11="",V11=""),"-",(V11-T11)*100/T11) -> 0 | V11: 172 | W11: =IF(OR(V11="",X11=""),"-",(X11-V11)*100/V11) -> 0 | X11: 172 | Y11: =IF(OR(X11="",Z11=""),"-",(Z11-X11)*100/X11) -> 0 | Z11: 172 | AA11: =IF(OR(Z11="",AB11=""),"-",(AB11-Z11)*100/Z11) -> - | AC11: =IF(OR(AB11="",AD11=""),"-",(AD11-AB11)*100/AB11) -> - | AE11: =IF(OR(AD11="",AF11=""),"-",(AF11-AD11)*100/AD11) -> -
A12: Circunferência
A13: Escapular | C13: ='BD tratado'!D11 -> #NAME? | D13: 116.8 | E13: =IF(OR(D13="",F13=""),"-",(F13-D13)*100/D13) -> -4.9657534 | F13: 111 | G13: =IF(OR(F13="",H13=""),"-",(H13-F13)*100/F13) -> -1.8018018 | H13: 109 | I13: =IF(OR(H13="",J13=""),"-",(J13-H13)*100/H13) -> 1.3761468 | J13: 110.5 | K13: =IF(OR(J13="",L13=""),"-",(L13-J13)*100/J13) -> 1.8099548 | L13: 112.5 | M13: =IF(OR(L13="",N13=""),"-",(N13-L13)*100/L13) -> -0.44444444 | N13: 112 | O13: =IF(OR(N13="",P13=""),"-",(P13-N13)*100/N13) -> 0.89285714 | P13: 113 | Q13: =IF(OR(P13="",R13=""),"-",(R13-P13)*100/P13) -> 0 | R13: 113 | S13: =IF(OR(R13="",T13=""),"-",(T13-R13)*100/R13) -> 0 | T13: 113 | U13: =IF(OR(T13="",V13=""),"-",(V13-T13)*100/T13) -> 0 | V13: 113 | W13: =IF(OR(V13="",X13=""),"-",(X13-V13)*100/V13) -> - | Y13: =IF(OR(X13="",Z13=""),"-",(Z13-X13)*100/X13) -> - | AA13: =IF(OR(Z13="",AB13=""),"-",(AB13-Z13)*100/Z13) -> - | AC13: =IF(OR(AB13="",AD13=""),"-",(AD13-AB13)*100/AB13) -> - | AE13: =IF(OR(AD13="",AF13=""),"-",(AF13-AD13)*100/AD13) -> -
A14: Torácica Inspirada | C14: ='BD tratado'!D12 -> #NAME? | D14: 99 | E14: =IF(OR(D14="",F14=""),"-",(F14-D14)*100/D14) -> -3.030303 | F14: 96 | G14: =IF(OR(F14="",H14=""),"-",(H14-F14)*100/F14) -> -2.0833333 | H14: 94 | I14: =IF(OR(H14="",J14=""),"-",(J14-H14)*100/H14) -> 1.0638298 | J14: 95 | K14: =IF(OR(J14="",L14=""),"-",(L14-J14)*100/J14) -> 1.5789474 | L14: 96.5 | M14: =IF(OR(L14="",N14=""),"-",(N14-L14)*100/L14) -> 0.51813472 | N14: 97 | O14: =IF(OR(N14="",P14=""),"-",(P14-N14)*100/N14) -> 0 | P14: 97 | Q14: =IF(OR(P14="",R14=""),"-",(R14-P14)*100/P14) -> -1.0309278 | R14: 96 | S14: =IF(OR(R14="",T14=""),"-",(T14-R14)*100/R14) -> 1.0416667 | T14: 97 | U14: =IF(OR(T14="",V14=""),"-",(V14-T14)*100/T14) -> -1.5463918 | V14: 95.5 | W14: =IF(OR(V14="",X14=""),"-",(X14-V14)*100/V14) -> - | Y14: =IF(OR(X14="",Z14=""),"-",(Z14-X14)*100/X14) -> - | AA14: =IF(OR(Z14="",AB14=""),"-",(AB14-Z14)*100/Z14) -> - | AC14: =IF(OR(AB14="",AD14=""),"-",(AD14-AB14)*100/AB14) -> - | AE14: =IF(OR(AD14="",AF14=""),"-",(AF14-AD14)*100/AD14) -> -
A15: Torácica Expirada | C15: ='BD tratado'!D13 -> #NAME? | D15: 97 | E15: =IF(OR(D15="",F15=""),"-",(F15-D15)*100/D15) -> -6.185567 | F15: 91 | G15: =IF(OR(F15="",H15=""),"-",(H15-F15)*100/F15) -> -3.2967033 | H15: 88 | I15: =IF(OR(H15="",J15=""),"-",(J15-H15)*100/H15) -> 2.2727273 | J15: 90 | K15: =IF(OR(J15="",L15=""),"-",(L15-J15)*100/J15) -> 2.2222222 | L15: 92 | M15: =IF(OR(L15="",N15=""),"-",(N15-L15)*100/L15) -> 0.54347826 | N15: 92.5 | O15: =IF(OR(N15="",P15=""),"-",(P15-N15)*100/N15) -> 0 | P15: 92.5 | Q15: =IF(OR(P15="",R15=""),"-",(R15-P15)*100/P15) -> -0.54054054 | R15: 92 | S15: =IF(OR(R15="",T15=""),"-",(T15-R15)*100/R15) -> -0.54347826 | T15: 91.5 | U15: =IF(OR(T15="",V15=""),"-",(V15-T15)*100/T15) -> 1.0928962 | V15: 92.5 | W15: =IF(OR(V15="",X15=""),"-",(X15-V15)*100/V15) -> - | Y15: =IF(OR(X15="",Z15=""),"-",(Z15-X15)*100/X15) -> - | AA15: =IF(OR(Z15="",AB15=""),"-",(AB15-Z15)*100/Z15) -> - | AC15: =IF(OR(AB15="",AD15=""),"-",(AD15-AB15)*100/AB15) -> - | AE15: =IF(OR(AD15="",AF15=""),"-",(AF15-AD15)*100/AD15) -> -
A16: Abdominal | C16: ='BD tratado'!D14 -> #NAME? | D16: 88.5 | E16: =IF(OR(D16="",F16=""),"-",(F16-D16)*100/D16) -> -19.20904 | F16: 71.5 | G16: =IF(OR(F16="",H16=""),"-",(H16-F16)*100/F16) -> 2.7972028 | H16: 73.5 | I16: =IF(OR(H16="",J16=""),"-",(J16-H16)*100/H16) -> 1.3605442 | J16: 74.5 | K16: =IF(OR(J16="",L16=""),"-",(L16-J16)*100/J16) -> 4.0268456 | L16: 77.5 | M16: =IF(OR(L16="",N16=""),"-",(N16-L16)*100/L16) -> -1.9354839 | N16: 76 | O16: =IF(OR(N16="",P16=""),"-",(P16-N16)*100/N16) -> 1.3157895 | P16: 77 | Q16: =IF(OR(P16="",R16=""),"-",(R16-P16)*100/P16) -> 2.5974026 | R16: 79 | S16: =IF(OR(R16="",T16=""),"-",(T16-R16)*100/R16) -> -1.8987342 | T16: 77.5 | U16: =IF(OR(T16="",V16=""),"-",(V16-T16)*100/T16) -> 0.64516129 | V16: 78 | W16: =IF(OR(V16="",X16=""),"-",(X16-V16)*100/V16) -> -2.5641026 | X16: 76 | Y16: =IF(OR(X16="",Z16=""),"-",(Z16-X16)*100/X16) -> 2.6315789 | Z16: 78 | AA16: =IF(OR(Z16="",AB16=""),"-",(AB16-Z16)*100/Z16) -> - | AC16: =IF(OR(AB16="",AD16=""),"-",(AD16-AB16)*100/AB16) -> - | AE16: =IF(OR(AD16="",AF16=""),"-",(AF16-AD16)*100/AD16) -> -
A17: Quadril | C17: ='BD tratado'!D15 -> #NAME? | D17: 94 | E17: =IF(OR(D17="",F17=""),"-",(F17-D17)*100/D17) -> -6.3829787 | F17: 88 | G17: =IF(OR(F17="",H17=""),"-",(H17-F17)*100/F17) -> -3.4090909 | H17: 85 | I17: =IF(OR(H17="",J17=""),"-",(J17-H17)*100/H17) -> 1.1764706 | J17: 86 | K17: =IF(OR(J17="",L17=""),"-",(L17-J17)*100/J17) -> 2.9069767 | L17: 88.5 | M17: =IF(OR(L17="",N17=""),"-",(N17-L17)*100/L17) -> -0.56497175 | N17: 88 | O17: =IF(OR(N17="",P17=""),"-",(P17-N17)*100/N17) -> 1.1363636 | P17: 89 | Q17: =IF(OR(P17="",R17=""),"-",(R17-P17)*100/P17) -> 1.1235955 | R17: 90 | S17: =IF(OR(R17="",T17=""),"-",(T17-R17)*100/R17) -> -1.1111111 | T17: 89 | U17: =IF(OR(T17="",V17=""),"-",(V17-T17)*100/T17) -> -0.56179775 | V17: 88.5 | W17: =IF(OR(V17="",X17=""),"-",(X17-V17)*100/V17) -> 0.56497175 | X17: 89 | Y17: =IF(OR(X17="",Z17=""),"-",(Z17-X17)*100/X17) -> 0 | Z17: 89 | AA17: =IF(OR(Z17="",AB17=""),"-",(AB17-Z17)*100/Z17) -> - | AC17: =IF(OR(AB17="",AD17=""),"-",(AD17-AB17)*100/AB17) -> - | AE17: =IF(OR(AD17="",AF17=""),"-",(AF17-AD17)*100/AD17) -> -
A18: Br. Dir. Rel. | C18: ='BD tratado'!D16 -> #NAME? | D18: 26.5 | E18: =IF(OR(D18="",F18=""),"-",(F18-D18)*100/D18) -> 1.8867925 | F18: 27 | G18: =IF(OR(F18="",H18=""),"-",(H18-F18)*100/F18) -> -3.7037037 | H18: 26 | I18: =IF(OR(H18="",J18=""),"-",(J18-H18)*100/H18) -> 0 | J18: 26 | K18: =IF(OR(J18="",L18=""),"-",(L18-J18)*100/J18) -> 6.1538462 | L18: 27.6 | M18: =IF(OR(L18="",N18=""),"-",(N18-L18)*100/L18) -> -2.173913 | N18: 27 | O18: =IF(OR(N18="",P18=""),"-",(P18-N18)*100/N18) -> -1.4814815 | P18: 26.6 | Q18: =IF(OR(P18="",R18=""),"-",(R18-P18)*100/P18) -> 7.1428571 | R18: 28.5 | S18: =IF(OR(R18="",T18=""),"-",(T18-R18)*100/R18) -> -5.2631579 | T18: 27 | U18: =IF(OR(T18="",V18=""),"-",(V18-T18)*100/T18) -> 0.74074074 | V18: 27.2 | W18: =IF(OR(V18="",X18=""),"-",(X18-V18)*100/V18) -> - | Y18: =IF(OR(X18="",Z18=""),"-",(Z18-X18)*100/X18) -> - | AA18: =IF(OR(Z18="",AB18=""),"-",(AB18-Z18)*100/Z18) -> - | AC18: =IF(OR(AB18="",AD18=""),"-",(AD18-AB18)*100/AB18) -> - | AE18: =IF(OR(AD18="",AF18=""),"-",(AF18-AD18)*100/AD18) -> -
A19: Br. Dir. Con. | C19: ='BD tratado'!D17 -> #NAME? | D19: 30 | E19: =IF(OR(D19="",F19=""),"-",(F19-D19)*100/D19) -> 6.6666667 | F19: 32 | G19: =IF(OR(F19="",H19=""),"-",(H19-F19)*100/F19) -> -6.25 | H19: 30 | I19: =IF(OR(H19="",J19=""),"-",(J19-H19)*100/H19) -> 3.3333333 | J19: 31 | K19: =IF(OR(J19="",L19=""),"-",(L19-J19)*100/J19) -> 3.2258065 | L19: 32 | M19: =IF(OR(L19="",N19=""),"-",(N19-L19)*100/L19) -> -3.125 | N19: 31 | O19: =IF(OR(N19="",P19=""),"-",(P19-N19)*100/N19) -> 3.2258065 | P19: 32 | Q19: =IF(OR(P19="",R19=""),"-",(R19-P19)*100/P19) -> 2.5 | R19: 32.8 | S19: =IF(OR(R19="",T19=""),"-",(T19-R19)*100/R19) -> -2.4390244 | T19: 32 | U19: =IF(OR(T19="",V19=""),"-",(V19-T19)*100/T19) -> 0 | V19: 32 | W19: =IF(OR(V19="",X19=""),"-",(X19-V19)*100/V19) -> - | Y19: =IF(OR(X19="",Z19=""),"-",(Z19-X19)*100/X19) -> - | AA19: =IF(OR(Z19="",AB19=""),"-",(AB19-Z19)*100/Z19) -> - | AC19: =IF(OR(AB19="",AD19=""),"-",(AD19-AB19)*100/AB19) -> - | AE19: =IF(OR(AD19="",AF19=""),"-",(AF19-AD19)*100/AD19) -> -
A20: Coxa Dir. | C20: ='BD tratado'!D18 -> #NAME? | D20: 53 | E20: =IF(OR(D20="",F20=""),"-",(F20-D20)*100/D20) -> -3.7735849 | F20: 51 | G20: =IF(OR(F20="",H20=""),"-",(H20-F20)*100/F20) -> -1.9607843 | H20: 50 | I20: =IF(OR(H20="",J20=""),"-",(J20-H20)*100/H20) -> 3 | J20: 51.5 | K20: =IF(OR(J20="",L20=""),"-",(L20-J20)*100/J20) -> 0.97087379 | L20: 52 | M20: =IF(OR(L20="",N20=""),"-",(N20-L20)*100/L20) -> 0 | N20: 52 | O20: =IF(OR(N20="",P20=""),"-",(P20-N20)*100/N20) -> -1.9230769 | P20: 51 | Q20: =IF(OR(P20="",R20=""),"-",(R20-P20)*100/P20) -> 3.9215686 | R20: 53 | S20: =IF(OR(R20="",T20=""),"-",(T20-R20)*100/R20) -> -0.94339623 | T20: 52.5 | U20: =IF(OR(T20="",V20=""),"-",(V20-T20)*100/T20) -> 0.95238095 | V20: 53 | W20: =IF(OR(V20="",X20=""),"-",(X20-V20)*100/V20) -> - | Y20: =IF(OR(X20="",Z20=""),"-",(Z20-X20)*100/X20) -> - | AA20: =IF(OR(Z20="",AB20=""),"-",(AB20-Z20)*100/Z20) -> - | AC20: =IF(OR(AB20="",AD20=""),"-",(AD20-AB20)*100/AB20) -> - | AE20: =IF(OR(AD20="",AF20=""),"-",(AF20-AD20)*100/AD20) -> -
A21: Perna Dir. | C21: ='BD tratado'!D19 -> #NAME? | D21: 39.3 | E21: =IF(OR(D21="",F21=""),"-",(F21-D21)*100/D21) -> -3.307888 | F21: 38 | G21: =IF(OR(F21="",H21=""),"-",(H21-F21)*100/F21) -> -1.3157895 | H21: 37.5 | I21: =IF(OR(H21="",J21=""),"-",(J21-H21)*100/H21) -> -1.3333333 | J21: 37 | K21: =IF(OR(J21="",L21=""),"-",(L21-J21)*100/J21) -> 2.7027027 | L21: 38 | M21: =IF(OR(L21="",N21=""),"-",(N21-L21)*100/L21) -> 2.6315789 | N21: 39 | O21: =IF(OR(N21="",P21=""),"-",(P21-N21)*100/N21) -> -5.1282051 | P21: 37 | Q21: =IF(OR(P21="",R21=""),"-",(R21-P21)*100/P21) -> 4.3243243 | R21: 38.6 | S21: =IF(OR(R21="",T21=""),"-",(T21-R21)*100/R21) -> -1.5544041 | T21: 38 | U21: =IF(OR(T21="",V21=""),"-",(V21-T21)*100/T21) -> 0 | V21: 38 | W21: =IF(OR(V21="",X21=""),"-",(X21-V21)*100/V21) -> - | Y21: =IF(OR(X21="",Z21=""),"-",(Z21-X21)*100/X21) -> - | AA21: =IF(OR(Z21="",AB21=""),"-",(AB21-Z21)*100/Z21) -> - | AC21: =IF(OR(AB21="",AD21=""),"-",(AD21-AB21)*100/AB21) -> - | AE21: =IF(OR(AD21="",AF21=""),"-",(AF21-AD21)*100/AD21) -> -
A22: Br. Esq. Rel. | C22: ='BD tratado'!D20 -> #NAME? | D22: 26.5 | E22: =IF(OR(D22="",F22=""),"-",(F22-D22)*100/D22) -> 1.8867925 | F22: 27 | G22: =IF(OR(F22="",H22=""),"-",(H22-F22)*100/F22) -> -3.7037037 | H22: 26 | I22: =IF(OR(H22="",J22=""),"-",(J22-H22)*100/H22) -> 0 | J22: 26 | K22: =IF(OR(J22="",L22=""),"-",(L22-J22)*100/J22) -> 3.8461538 | L22: 27 | M22: =IF(OR(L22="",N22=""),"-",(N22-L22)*100/L22) -> -1.8518519 | N22: 26.5 | O22: =IF(OR(N22="",P22=""),"-",(P22-N22)*100/N22) -> 1.8867925 | P22: 27 | Q22: =IF(OR(P22="",R22=""),"-",(R22-P22)*100/P22) -> 3.7037037 | R22: 28 | S22: =IF(OR(R22="",T22=""),"-",(T22-R22)*100/R22) -> -5.3571429 | T22: 26.5 | U22: =IF(OR(T22="",V22=""),"-",(V22-T22)*100/T22) -> 0.75471698 | V22: 26.7 | W22: =IF(OR(V22="",X22=""),"-",(X22-V22)*100/V22) -> - | Y22: =IF(OR(X22="",Z22=""),"-",(Z22-X22)*100/X22) -> - | AA22: =IF(OR(Z22="",AB22=""),"-",(AB22-Z22)*100/Z22) -> - | AC22: =IF(OR(AB22="",AD22=""),"-",(AD22-AB22)*100/AB22) -> - | AE22: =IF(OR(AD22="",AF22=""),"-",(AF22-AD22)*100/AD22) -> -
A23: Br. Esq. Con. | C23: ='BD tratado'!D21 -> #NAME? | D23: 30 | E23: =IF(OR(D23="",F23=""),"-",(F23-D23)*100/D23) -> 3.3333333 | F23: 31 | G23: =IF(OR(F23="",H23=""),"-",(H23-F23)*100/F23) -> -3.2258065 | H23: 30 | I23: =IF(OR(H23="",J23=""),"-",(J23-H23)*100/H23) -> -1.6666667 | J23: 29.5 | K23: =IF(OR(J23="",L23=""),"-",(L23-J23)*100/J23) -> 5.0847458 | L23: 31 | M23: =IF(OR(L23="",N23=""),"-",(N23-L23)*100/L23) -> -3.2258065 | N23: 30 | O23: =IF(OR(N23="",P23=""),"-",(P23-N23)*100/N23) -> 5 | P23: 31.5 | Q23: =IF(OR(P23="",R23=""),"-",(R23-P23)*100/P23) -> 1.5873016 | R23: 32 | S23: =IF(OR(R23="",T23=""),"-",(T23-R23)*100/R23) -> -1.5625 | T23: 31.5 | U23: =IF(OR(T23="",V23=""),"-",(V23-T23)*100/T23) -> -1.5873016 | V23: 31 | W23: =IF(OR(V23="",X23=""),"-",(X23-V23)*100/V23) -> - | Y23: =IF(OR(X23="",Z23=""),"-",(Z23-X23)*100/X23) -> - | AA23: =IF(OR(Z23="",AB23=""),"-",(AB23-Z23)*100/Z23) -> - | AC23: =IF(OR(AB23="",AD23=""),"-",(AD23-AB23)*100/AB23) -> - | AE23: =IF(OR(AD23="",AF23=""),"-",(AF23-AD23)*100/AD23) -> -
A24: Coxa Esq. | C24: ='BD tratado'!D22 -> #NAME? | D24: 53.3 | E24: =IF(OR(D24="",F24=""),"-",(F24-D24)*100/D24) -> -3.3771107 | F24: 51.5 | G24: =IF(OR(F24="",H24=""),"-",(H24-F24)*100/F24) -> -2.9126214 | H24: 50 | I24: =IF(OR(H24="",J24=""),"-",(J24-H24)*100/H24) -> 4 | J24: 52 | K24: =IF(OR(J24="",L24=""),"-",(L24-J24)*100/J24) -> 1.9230769 | L24: 53 | M24: =IF(OR(L24="",N24=""),"-",(N24-L24)*100/L24) -> -1.8867925 | N24: 52 | O24: =IF(OR(N24="",P24=""),"-",(P24-N24)*100/N24) -> -1.9230769 | P24: 51 | Q24: =IF(OR(P24="",R24=""),"-",(R24-P24)*100/P24) -> 3.9215686 | R24: 53 | S24: =IF(OR(R24="",T24=""),"-",(T24-R24)*100/R24) -> 0 | T24: 53 | U24: =IF(OR(T24="",V24=""),"-",(V24-T24)*100/T24) -> 0.94339623 | V24: 53.5 | W24: =IF(OR(V24="",X24=""),"-",(X24-V24)*100/V24) -> - | Y24: =IF(OR(X24="",Z24=""),"-",(Z24-X24)*100/X24) -> - | AA24: =IF(OR(Z24="",AB24=""),"-",(AB24-Z24)*100/Z24) -> - | AC24: =IF(OR(AB24="",AD24=""),"-",(AD24-AB24)*100/AB24) -> - | AE24: =IF(OR(AD24="",AF24=""),"-",(AF24-AD24)*100/AD24) -> -
A25: Perna Esq. | C25: ='BD tratado'!D23 -> #NAME? | D25: 39 | E25: =IF(OR(D25="",F25=""),"-",(F25-D25)*100/D25) -> -3.8461538 | F25: 37.5 | G25: =IF(OR(F25="",H25=""),"-",(H25-F25)*100/F25) -> -1.3333333 | H25: 37 | I25: =IF(OR(H25="",J25=""),"-",(J25-H25)*100/H25) -> 0.54054054 | J25: 37.2 | K25: =IF(OR(J25="",L25=""),"-",(L25-J25)*100/J25) -> 2.1505376 | L25: 38 | M25: =IF(OR(L25="",N25=""),"-",(N25-L25)*100/L25) -> 2.6315789 | N25: 39 | O25: =IF(OR(N25="",P25=""),"-",(P25-N25)*100/N25) -> -5.1282051 | P25: 37 | Q25: =IF(OR(P25="",R25=""),"-",(R25-P25)*100/P25) -> 5.4054054 | R25: 39 | S25: =IF(OR(R25="",T25=""),"-",(T25-R25)*100/R25) -> -2.0512821 | T25: 38.2 | U25: =IF(OR(T25="",V25=""),"-",(V25-T25)*100/T25) -> -1.8324607 | V25: 37.5 | W25: =IF(OR(V25="",X25=""),"-",(X25-V25)*100/V25) -> - | Y25: =IF(OR(X25="",Z25=""),"-",(Z25-X25)*100/X25) -> - | AA25: =IF(OR(Z25="",AB25=""),"-",(AB25-Z25)*100/Z25) -> - | AC25: =IF(OR(AB25="",AD25=""),"-",(AD25-AB25)*100/AB25) -> - | AE25: =IF(OR(AD25="",AF25=""),"-",(AF25-AD25)*100/AD25) -> -
A26: Dobra Cutânea e TMB
A27: D.C. Tricipital | C27: ='BD tratado'!D25 -> #NAME? | D27: 9.6 | E27: =IF(OR(D27="",F27=""),"-",(F27-D27)*100/D27) -> -56.25 | F27: 4.2 | G27: =IF(OR(F27="",H27=""),"-",(H27-F27)*100/F27) -> -4.7619048 | H27: 4 | I27: =IF(OR(H27="",J27=""),"-",(J27-H27)*100/H27) -> -5 | J27: 3.8 | K27: =IF(OR(J27="",L27=""),"-",(L27-J27)*100/J27) -> 5.2631579 | L27: 4 | M27: =IF(OR(L27="",N27=""),"-",(N27-L27)*100/L27) -> -20 | N27: 3.2 | O27: =IF(OR(N27="",P27=""),"-",(P27-N27)*100/N27) -> 0 | P27: 3.2 | Q27: =IF(OR(P27="",R27=""),"-",(R27-P27)*100/P27) -> 6.25 | R27: 3.4 | S27: =IF(OR(R27="",T27=""),"-",(T27-R27)*100/R27) -> 0 | T27: 3.4 | U27: =IF(OR(T27="",V27=""),"-",(V27-T27)*100/T27) -> 0 | V27: 3.4 | W27: =IF(OR(V27="",X27=""),"-",(X27-V27)*100/V27) -> -11.764706 | X27: 3 | Y27: =IF(OR(X27="",Z27=""),"-",(Z27-X27)*100/X27) -> 13.333333 | Z27: 3.4 | AA27: =IF(OR(Z27="",AB27=""),"-",(AB27-Z27)*100/Z27) -> - | AC27: =IF(OR(AB27="",AD27=""),"-",(AD27-AB27)*100/AB27) -> - | AE27: =IF(OR(AD27="",AF27=""),"-",(AF27-AD27)*100/AD27) -> -
A28: D.C. Subescapular | C28: ='BD tratado'!D26 -> #NAME? | D28: 29 | E28: =IF(OR(D28="",F28=""),"-",(F28-D28)*100/D28) -> -40.689655 | F28: 17.2 | G28: =IF(OR(F28="",H28=""),"-",(H28-F28)*100/F28) -> -40.116279 | H28: 10.3 | I28: =IF(OR(H28="",J28=""),"-",(J28-H28)*100/H28) -> -10.679612 | J28: 9.2 | K28: =IF(OR(J28="",L28=""),"-",(L28-J28)*100/J28) -> 41.304348 | L28: 13 | M28: =IF(OR(L28="",N28=""),"-",(N28-L28)*100/L28) -> -20 | N28: 10.4 | O28: =IF(OR(N28="",P28=""),"-",(P28-N28)*100/N28) -> 0 | P28: 10.4 | Q28: =IF(OR(P28="",R28=""),"-",(R28-P28)*100/P28) -> 45.192308 | R28: 15.1 | S28: =IF(OR(R28="",T28=""),"-",(T28-R28)*100/R28) -> -6.6225166 | T28: 14.1 | U28: =IF(OR(T28="",V28=""),"-",(V28-T28)*100/T28) -> -12.056738 | V28: 12.4 | W28: =IF(OR(V28="",X28=""),"-",(X28-V28)*100/V28) -> -11.290323 | X28: 11 | Y28: =IF(OR(X28="",Z28=""),"-",(Z28-X28)*100/X28) -> 12.727273 | Z28: 12.4 | AA28: =IF(OR(Z28="",AB28=""),"-",(AB28-Z28)*100/Z28) -> - | AC28: =IF(OR(AB28="",AD28=""),"-",(AD28-AB28)*100/AB28) -> - | AE28: =IF(OR(AD28="",AF28=""),"-",(AF28-AD28)*100/AD28) -> -
A29: D.C. Suprailíaca | C29: ='BD tratado'!D27 -> #NAME? | D29: 11.4 | E29: =IF(OR(D29="",F29=""),"-",(F29-D29)*100/D29) -> -60.526316 | F29: 4.5 | G29: =IF(OR(F29="",H29=""),"-",(H29-F29)*100/F29) -> -8.8888889 | H29: 4.1 | I29: =IF(OR(H29="",J29=""),"-",(J29-H29)*100/H29) -> -4.8780488 | J29: 3.9 | K29: =IF(OR(J29="",L29=""),"-",(L29-J29)*100/J29) -> 15.384615 | L29: 4.5 | M29: =IF(OR(L29="",N29=""),"-",(N29-L29)*100/L29) -> -13.333333 | N29: 3.9 | O29: =IF(OR(N29="",P29=""),"-",(P29-N29)*100/N29) -> -2.5641026 | P29: 3.8 | Q29: =IF(OR(P29="",R29=""),"-",(R29-P29)*100/P29) -> 26.315789 | R29: 4.8 | S29: =IF(OR(R29="",T29=""),"-",(T29-R29)*100/R29) -> -4.1666667 | T29: 4.6 | U29: =IF(OR(T29="",V29=""),"-",(V29-T29)*100/T29) -> -6.5217391 | V29: 4.3 | W29: =IF(OR(V29="",X29=""),"-",(X29-V29)*100/V29) -> -2.3255814 | X29: 4.2 | Y29: =IF(OR(X29="",Z29=""),"-",(Z29-X29)*100/X29) -> -4.7619048 | Z29: 4 | AA29: =IF(OR(Z29="",AB29=""),"-",(AB29-Z29)*100/Z29) -> - | AC29: =IF(OR(AB29="",AD29=""),"-",(AD29-AB29)*100/AB29) -> - | AE29: =IF(OR(AD29="",AF29=""),"-",(AF29-AD29)*100/AD29) -> -
A30: D.C. Abdominal | C30: ='BD tratado'!D28 -> #NAME? | D30: 32 | E30: =IF(OR(D30="",F30=""),"-",(F30-D30)*100/D30) -> -57.5 | F30: 13.6 | G30: =IF(OR(F30="",H30=""),"-",(H30-F30)*100/F30) -> -29.411765 | H30: 9.6 | I30: =IF(OR(H30="",J30=""),"-",(J30-H30)*100/H30) -> -6.25 | J30: 9 | K30: =IF(OR(J30="",L30=""),"-",(L30-J30)*100/J30) -> 45.555556 | L30: 13.1 | M30: =IF(OR(L30="",N30=""),"-",(N30-L30)*100/L30) -> -38.931298 | N30: 8 | O30: =IF(OR(N30="",P30=""),"-",(P30-N30)*100/N30) -> 6.25 | P30: 8.5 | Q30: =IF(OR(P30="",R30=""),"-",(R30-P30)*100/P30) -> 52.941176 | R30: 13 | S30: =IF(OR(R30="",T30=""),"-",(T30-R30)*100/R30) -> -2.3076923 | T30: 12.7 | U30: =IF(OR(T30="",V30=""),"-",(V30-T30)*100/T30) -> 0.78740157 | V30: 12.8 | W30: =IF(OR(V30="",X30=""),"-",(X30-V30)*100/V30) -> -22.65625 | X30: 9.9 | Y30: =IF(OR(X30="",Z30=""),"-",(Z30-X30)*100/X30) -> -5.0505051 | Z30: 9.4 | AA30: =IF(OR(Z30="",AB30=""),"-",(AB30-Z30)*100/Z30) -> - | AC30: =IF(OR(AB30="",AD30=""),"-",(AD30-AB30)*100/AB30) -> - | AE30: =IF(OR(AD30="",AF30=""),"-",(AF30-AD30)*100/AD30) -> -
A31: D.C. Coxa | C31: ='BD tratado'!D29 -> #NAME? | D31: 7.7 | E31: =IF(OR(D31="",F31=""),"-",(F31-D31)*100/D31) -> -25.974026 | F31: 5.7 | G31: =IF(OR(F31="",H31=""),"-",(H31-F31)*100/F31) -> -29.824561 | H31: 4 | I31: =IF(OR(H31="",J31=""),"-",(J31-H31)*100/H31) -> 5 | J31: 4.2 | K31: =IF(OR(J31="",L31=""),"-",(L31-J31)*100/J31) -> 14.285714 | L31: 4.8 | M31: =IF(OR(L31="",N31=""),"-",(N31-L31)*100/L31) -> -2.0833333 | N31: 4.7 | O31: =IF(OR(N31="",P31=""),"-",(P31-N31)*100/N31) -> -25.531915 | P31: 3.5 | Q31: =IF(OR(P31="",R31=""),"-",(R31-P31)*100/P31) -> 40 | R31: 4.9 | S31: =IF(OR(R31="",T31=""),"-",(T31-R31)*100/R31) -> -4.0816327 | T31: 4.7 | U31: =IF(OR(T31="",V31=""),"-",(V31-T31)*100/T31) -> 6.3829787 | V31: 5 | W31: =IF(OR(V31="",X31=""),"-",(X31-V31)*100/V31) -> -4 | X31: 4.8 | Y31: =IF(OR(X31="",Z31=""),"-",(Z31-X31)*100/X31) -> -12.5 | Z31: 4.2 | AA31: =IF(OR(Z31="",AB31=""),"-",(AB31-Z31)*100/Z31) -> - | AC31: =IF(OR(AB31="",AD31=""),"-",(AD31-AB31)*100/AB31) -> - | AE31: =IF(OR(AD31="",AF31=""),"-",(AF31-AD31)*100/AD31) -> -
A32: Total de Dobras* | C32: ='BD tratado'!D30 -> #NAME? | D32: =IF(COUNTBLANK(D27:D31)>2,"",SUM(D27:D31)) -> 89.7 | E32: =IF(OR(D32="",F32=""),"-",(F32-D32)*100/D32) -> -49.60981 | F32: =IF(COUNTBLANK(F27:F31)>2,"",SUM(F27:F31)) -> 45.2 | G32: =IF(OR(F32="",H32=""),"-",(H32-F32)*100/F32) -> -29.20354 | H32: =IF(COUNTBLANK(H27:H31)>2,"",SUM(H27:H31)) -> 32 | I32: =IF(OR(H32="",J32=""),"-",(J32-H32)*100/H32) -> -5.9375 | J32: =IF(COUNTBLANK(J27:J31)>2,"",SUM(J27:J31)) -> 30.1 | K32: =IF(OR(J32="",L32=""),"-",(L32-J32)*100/J32) -> 30.89701 | L32: =IF(COUNTBLANK(L27:L31)>2,"",SUM(L27:L31)) -> 39.4 | M32: =IF(OR(L32="",N32=""),"-",(N32-L32)*100/L32) -> -23.350254 | N32: =IF(COUNTBLANK(N27:N31)>2,"",SUM(N27:N31)) -> 30.2 | O32: =IF(OR(N32="",P32=""),"-",(P32-N32)*100/N32) -> -2.6490066 | P32: =IF(COUNTBLANK(P27:P31)>2,"",SUM(P27:P31)) -> 29.4 | Q32: =IF(OR(P32="",R32=""),"-",(R32-P32)*100/P32) -> 40.136054 | R32: =IF(COUNTBLANK(R27:R31)>2,"",SUM(R27:R31)) -> 41.2 | S32: =IF(OR(R32="",T32=""),"-",(T32-R32)*100/R32) -> -4.1262136 | T32: =IF(COUNTBLANK(T27:T31)>2,"",SUM(T27:T31)) -> 39.5 | U32: =IF(OR(T32="",V32=""),"-",(V32-T32)*100/T32) -> -4.0506329 | V32: =IF(COUNTBLANK(V27:V31)>2,"",SUM(V27:V31)) -> 37.9 | W32: =IF(OR(V32="",X32=""),"-",(X32-V32)*100/V32) -> -13.192612 | X32: =IF(COUNTBLANK(X27:X31)>2,"",SUM(X27:X31)) -> 32.9 | Y32: =IF(OR(X32="",Z32=""),"-",(Z32-X32)*100/X32) -> 1.5197568 | Z32: =IF(COUNTBLANK(Z27:Z31)>2,"",SUM(Z27:Z31)) -> 33.4 | AA32: =IF(OR(Z32="",AB32=""),"-",(AB32-Z32)*100/Z32) -> - | AB32: =IF(COUNTBLANK(AB27:AB31)>2,"",SUM(AB27:AB31)) | AC32: =IF(OR(AB32="",AD32=""),"-",(AD32-AB32)*100/AB32) -> - | AD32: =IF(COUNTBLANK(AD27:AD31)>2,"",SUM(AD27:AD31)) | AE32: =IF(OR(AD32="",AF32=""),"-",(AF32-AD32)*100/AD32) -> - | AF32: =IF(COUNTBLANK(AF27:AF31)>2,"",SUM(AF27:AF31))
A33: % Gordura | C33: ='BD tratado'!D31 -> #NAME? | D33: =IF(D32,IF($K$1="Feminino",(4.95/(1.1665-(0.07063*(LOG10(D28+D29+D31))))-4.5)*100,((4.95/(1.17136-(0.06706*(LOG10(D27+D29+D30))))-4.5))*100),"") -> 18.869855 | E33: =IF(OR(D33="",F33=""),"-",(F33-D33)*100/D33) -> -57.956079 | F33: =IF(F32,IF($K$1="Feminino",(4.95/(1.1665-(0.07063*(LOG10(F28+F29+F31))))-4.5)*100,((4.95/(1.17136-(0.06706*(LOG10(F27+F29+F30))))-4.5))*100),"") -> 7.9336269 | G33: =IF(OR(F33="",H33=""),"-",(H33-F33)*100/F33) -> -35.705451 | H33: =IF(H32,IF($K$1="Feminino",(4.95/(1.1665-(0.07063*(LOG10(H28+H29+H31))))-4.5)*100,((4.95/(1.17136-(0.06706*(LOG10(H27+H29+H30))))-4.5))*100),"") -> 5.1008896 | I33: =IF(OR(H33="",J33=""),"-",(J33-H33)*100/H33) -> -13.871719 | J33: =IF(J32,IF($K$1="Feminino",(4.95/(1.1665-(0.07063*(LOG10(J28+J29+J31))))-4.5)*100,((4.95/(1.17136-(0.06706*(LOG10(J27+J29+J30))))-4.5))*100),"") -> 4.3933085 | K33: =IF(OR(J33="",L33=""),"-",(L33-J33)*100/J33) -> 71.63515 | L33: =IF(L32,IF($K$1="Feminino",(4.95/(1.1665-(0.07063*(LOG10(L28+L29+L31))))-4.5)*100,((4.95/(1.17136-(0.06706*(LOG10(L27+L29+L30))))-4.5))*100),"") -> 7.5404617 | M33: =IF(OR(L33="",N33=""),"-",(N33-L33)*100/L33) -> -57.918814 | N33: =IF(N32,IF($K$1="Feminino",(4.95/(1.1665-(0.07063*(LOG10(N28+N29+N31))))-4.5)*100,((4.95/(1.17136-(0.06706*(LOG10(N27+N29+N30))))-4.5))*100),"") -> 3.1731157 | O33: =IF(OR(N33="",P33=""),"-",(P33-N33)*100/N33) -> 9.9627947 | P33: =IF(P32,IF($K$1="Feminino",(4.95/(1.1665-(0.07063*(LOG10(P28+P29+P31))))-4.5)*100,((4.95/(1.17136-(0.06706*(LOG10(P27+P29+P30))))-4.5))*100),"") -> 3.4892467 | Q33: =IF(OR(P33="",R33=""),"-",(R33-P33)*100/P33) -> 109.51079 | R33: =IF(R32,IF($K$1="Feminino",(4.95/(1.1665-(0.07063*(LOG10(R28+R29+R31))))-4.5)*100,((4.95/(1.17136-(0.06706*(LOG10(R27+R29+R30))))-4.5))*100),"") -> 7.3103482 | S33: =IF(OR(R33="",T33=""),"-",(T33-R33)*100/R33) -> -4.0147124 | T33: =IF(T32,IF($K$1="Feminino",(4.95/(1.1665-(0.07063*(LOG10(T28+T29+T31))))-4.5)*100,((4.95/(1.17136-(0.06706*(LOG10(T27+T29+T30))))-4.5))*100),"") -> 7.0168588 | U33: =IF(OR(T33="",V33=""),"-",(V33-T33)*100/T33) -> -1.6998758 | V33: =IF(V32,IF($K$1="Feminino",(4.95/(1.1665-(0.07063*(LOG10(V28+V29+V31))))-4.5)*100,((4.95/(1.17136-(0.06706*(LOG10(V27+V29+V30))))-4.5))*100),"") -> 6.8975809 | W33: =IF(OR(V33="",X33=""),"-",(X33-V33)*100/V33) -> -32.135166 | X33: =IF(X32,IF($K$1="Feminino",(4.95/(1.1665-(0.07063*(LOG10(X28+X29+X31))))-4.5)*100,((4.95/(1.17136-(0.06706*(LOG10(X27+X29+X30))))-4.5))*100),"") -> 4.6810318 | Y33: =IF(OR(X33="",Z33=""),"-",(Z33-X33)*100/X33) -> -4.596974 | Z33: =IF(Z32,IF($K$1="Feminino",(4.95/(1.1665-(0.07063*(LOG10(Z28+Z29+Z31))))-4.5)*100,((4.95/(1.17136-(0.06706*(LOG10(Z27+Z29+Z30))))-4.5))*100),"") -> 4.465846 | AA33: =IF(OR(Z33="",AB33=""),"-",(AB33-Z33)*100/Z33) -> #VALUE! | AB33: =IF(AB32,IF($K$1="Feminino",(4.95/(1.1665-(0.07063*(LOG10(AB28+AB29+AB31))))-4.5)*100,((4.95/(1.17136-(0.06706*(LOG10(AB27+AB29+AB30))))-4.5))*100),"") -> #VALUE! | AC33: =IF(OR(AB33="",AD33=""),"-",(AD33-AB33)*100/AB33) -> #VALUE! | AD33: =IF(AD32,IF($K$1="Feminino",(4.95/(1.1665-(0.07063*(LOG10(AD28+AD29+AD31))))-4.5)*100,((4.95/(1.17136-(0.06706*(LOG10(AD27+AD29+AD30))))-4.5))*100),"") -> #VALUE! | AE33: =IF(OR(AD33="",AF33=""),"-",(AF33-AD33)*100/AD33) -> #VALUE! | AF33: =IF(AF32,IF($K$1="Feminino",(4.95/(1.1665-(0.07063*(LOG10(AF28+AF29+AF31))))-4.5)*100,((4.95/(1.17136-(0.06706*(LOG10(AF27+AF29+AF30))))-4.5))*100),"") -> #VALUE!
A34: Gordura Absoluta (kg) | C34: ='BD tratado'!D32 -> #NAME? | D34: =IF(D33,D33*D10/100,"") -> 14.28448 | E34: =IF(OR(D34="",F34=""),"-",(F34-D34)*100/D34) -> -62.232673 | F34: =IF(F33,F33*F10/100,"") -> 5.3948663 | G34: =IF(OR(F34="",H34=""),"-",(H34-F34)*100/F34) -> -40.716644 | H34: =IF(H33,H33*H10/100,"") -> 3.1982578 | I34: =IF(OR(H34="",J34=""),"-",(J34-H34)*100/H34) -> -10.849674 | J34: =IF(J33,J33*J10/100,"") -> 2.8512572 | K34: =IF(OR(J34="",L34=""),"-",(L34-J34)*100/J34) -> 79.040056 | L34: =IF(L33,L33*L10/100,"") -> 5.1048926 | M34: =IF(OR(L34="",N34=""),"-",(N34-L34)*100/L34) -> -57.980972 | N34: =IF(N33,N33*N10/100,"") -> 2.1450262 | O34: =IF(OR(N34="",P34=""),"-",(P34-N34)*100/N34) -> 9.9627947 | P34: =IF(P33,P33*P10/100,"") -> 2.3587308 | Q34: =IF(OR(P34="",R34=""),"-",(R34-P34)*100/P34) -> 119.11853 | R34: =IF(R33,R33*R10/100,"") -> 5.1684162 | S34: =IF(OR(R34="",T34=""),"-",(T34-R34)*100/R34) -> -6.3227038 | T34: =IF(T33,T33*T10/100,"") -> 4.8416325 | U34: =IF(OR(T34="",V34=""),"-",(V34-T34)*100/T34) -> -2.2697316 | V34: =IF(V33,V33*V10/100,"") -> 4.7317405 | W34: =IF(OR(V34="",X34=""),"-",(X34-V34)*100/V34) -> -33.718019 | X34: =IF(X33,X33*X10/100,"") -> 3.1362913 | Y34: =IF(OR(X34="",Z34=""),"-",(Z34-X34)*100/X34) -> -0.3251967 | Z34: =IF(Z33,Z33*Z10/100,"") -> 3.1260922 | AA34: =IF(OR(Z34="",AB34=""),"-",(AB34-Z34)*100/Z34) -> #VALUE! | AB34: =IF(AB33,AB33*AB10/100,"") -> #VALUE! | AC34: =IF(OR(AB34="",AD34=""),"-",(AD34-AB34)*100/AB34) -> #VALUE! | AD34: =IF(AD33,AD33*AD10/100,"") -> #VALUE! | AE34: =IF(OR(AD34="",AF34=""),"-",(AF34-AD34)*100/AD34) -> #VALUE! | AF34: =IF(AF33,AF33*AF10/100,"") -> #VALUE!
A35: Massa Magra (kg) | C35: ='BD tratado'!D33 -> #NAME? | D35: =IF(D34,D10-D34,"") -> 61.41552 | E35: =IF(OR(D35="",F35=""),"-",(F35-D35)*100/D35) -> 1.9369921 | F35: =IF(F34,F10-F34,"") -> 62.605134 | G35: =IF(OR(F35="",H35=""),"-",(H35-F35)*100/F35) -> -4.9570879 | H35: =IF(H34,H10-H34,"") -> 59.501742 | I35: =IF(OR(H35="",J35=""),"-",(J35-H35)*100/H35) -> 4.2805478 | J35: =IF(J34,J10-J34,"") -> 62.048743 | K35: =IF(OR(J35="",L35=""),"-",(L35-J35)*100/J35) -> 0.88054108 | L35: =IF(L34,L10-L34,"") -> 62.595107 | M35: =IF(OR(L35="",N35=""),"-",(N35-L35)*100/L35) -> 4.5688337 | N35: =IF(N34,N10-N34,"") -> 65.454974 | O35: =IF(OR(N35="",P35=""),"-",(P35-N35)*100/N35) -> -0.32649094 | P35: =IF(P34,P10-P34,"") -> 65.241269 | Q35: =IF(OR(P35="",R35=""),"-",(R35-P35)*100/P35) -> 0.44498612 | R35: =IF(R34,R10-R34,"") -> 65.531584 | S35: =IF(OR(R35="",T35=""),"-",(T35-R35)*100/R35) -> -2.0955031 | T35: =IF(T34,T10-T34,"") -> 64.158367 | U35: =IF(OR(T35="",V35=""),"-",(V35-T35)*100/T35) -> -0.45217475 | V35: =IF(V34,V10-V34,"") -> 63.86826 | W35: =IF(OR(V35="",X35=""),"-",(X35-V35)*100/V35) -> -0.0071253396 | X35: =IF(X34,X10-X34,"") -> 63.863709 | Y35: =IF(OR(X35="",Z35=""),"-",(Z35-X35)*100/X35) -> 4.7134737 | Z35: =IF(Z34,Z10-Z34,"") -> 66.873908 | AA35: =IF(OR(Z35="",AB35=""),"-",(AB35-Z35)*100/Z35) -> #VALUE! | AB35: =IF(AB34,AB10-AB34,"") -> #VALUE! | AC35: =IF(OR(AB35="",AD35=""),"-",(AD35-AB35)*100/AB35) -> #VALUE! | AD35: =IF(AD34,AD10-AD34,"") -> #VALUE! | AE35: =IF(OR(AD35="",AF35=""),"-",(AF35-AD35)*100/AD35) -> #VALUE! | AF35: =IF(AF34,AF10-AF34,"") -> #VALUE!
A36: Massa Muscular (kg; bioimpedância) | C36: ='BD tratado'!D34 -> #NAME? | D36: 31.1 | E36: =IF(OR(D36="",F36=""),"-",(F36-D36)*100/D36) -> 1.2861736 | F36: 31.5 | G36: =IF(OR(F36="",H36=""),"-",(H36-F36)*100/F36) -> -1.9047619 | H36: 30.9 | I36: =IF(OR(H36="",J36=""),"-",(J36-H36)*100/H36) -> 8.4142395 | J36: 33.5 | K36: =IF(OR(J36="",L36=""),"-",(L36-J36)*100/J36) -> 0.29850746 | L36: 33.6 | M36: =IF(OR(L36="",N36=""),"-",(N36-L36)*100/L36) -> 1.4880952 | N36: 34.1 | O36: =IF(OR(N36="",P36=""),"-",(P36-N36)*100/N36) -> 0 | P36: 34.1 | Q36: =IF(OR(P36="",R36=""),"-",(R36-P36)*100/P36) -> 0 | R36: 34.1 | S36: =IF(OR(R36="",T36=""),"-",(T36-R36)*100/R36) -> -2.0527859 | T36: 33.4 | U36: =IF(OR(T36="",V36=""),"-",(V36-T36)*100/T36) -> 2.0958084 | V36: 34.1 | W36: =IF(OR(V36="",X36=""),"-",(X36-V36)*100/V36) -> 0 | X36: 34.1 | Y36: =IF(OR(X36="",Z36=""),"-",(Z36-X36)*100/X36) -> -0.29325513 | Z36: 34 | AA36: =IF(OR(Z36="",AB36=""),"-",(AB36-Z36)*100/Z36) -> - | AC36: =IF(OR(AB36="",AD36=""),"-",(AD36-AB36)*100/AB36) -> - | AE36: =IF(OR(AD36="",AF36=""),"-",(AF36-AD36)*100/AD36) -> -
A37: Nível de Gordura Visceral (ua; bioimpedância) | C37: ='BD tratado'!D35 -> #NAME? | D37: 9 | E37: =IF(OR(D37="",F37=""),"-",(F37-D37)*100/D37) -> -11.111111 | F37: 8 | G37: =IF(OR(F37="",H37=""),"-",(H37-F37)*100/F37) -> -75 | H37: 2 | I37: =IF(OR(H37="",J37=""),"-",(J37-H37)*100/H37) -> -50 | J37: 1 | K37: =IF(OR(J37="",L37=""),"-",(L37-J37)*100/J37) -> 100 | L37: 2 | M37: =IF(OR(L37="",N37=""),"-",(N37-L37)*100/L37) -> 0 | N37: 2 | O37: =IF(OR(N37="",P37=""),"-",(P37-N37)*100/N37) -> 0 | P37: 2 | Q37: =IF(OR(P37="",R37=""),"-",(R37-P37)*100/P37) -> 200 | R37: 6 | S37: =IF(OR(R37="",T37=""),"-",(T37-R37)*100/R37) -> 50 | T37: 9 | U37: =IF(OR(T37="",V37=""),"-",(V37-T37)*100/T37) -> -11.111111 | V37: 8 | W37: =IF(OR(V37="",X37=""),"-",(X37-V37)*100/V37) -> 0 | X37: 8 | Y37: =IF(OR(X37="",Z37=""),"-",(Z37-X37)*100/X37) -> 12.5 | Z37: 9 | AA37: =IF(OR(Z37="",AB37=""),"-",(AB37-Z37)*100/Z37) -> - | AC37: =IF(OR(AB37="",AD37=""),"-",(AD37-AB37)*100/AB37) -> - | AE37: =IF(OR(AD37="",AF37=""),"-",(AF37-AD37)*100/AD37) -> -
A38: Taxa Metabólica Basal (kcal; bioimpedância) | C38: ='BD tratado'!D36 -> #NAME? | E38: =IF(OR(D38="",F38=""),"-",(F38-D38)*100/D38) -> - | G38: =IF(OR(F38="",H38=""),"-",(H38-F38)*100/F38) -> - | I38: =IF(OR(H38="",J38=""),"-",(J38-H38)*100/H38) -> - | K38: =IF(OR(J38="",L38=""),"-",(L38-J38)*100/J38) -> - | M38: =IF(OR(L38="",N38=""),"-",(N38-L38)*100/L38) -> - | O38: =IF(OR(N38="",P38=""),"-",(P38-N38)*100/N38) -> - | P38: 1498 | Q38: =IF(OR(P38="",R38=""),"-",(R38-P38)*100/P38) -> 11.348465 | R38: 1668 | S38: =IF(OR(R38="",T38=""),"-",(T38-R38)*100/R38) -> -1.7386091 | T38: 1639 | U38: =IF(OR(T38="",V38=""),"-",(V38-T38)*100/T38) -> 0 | V38: 1639 | W38: =IF(OR(V38="",X38=""),"-",(X38-V38)*100/V38) -> -2.3184869 | X38: 1601 | Y38: =IF(OR(X38="",Z38=""),"-",(Z38-X38)*100/X38) -> 1.8113679 | Z38: 1630 | AA38: =IF(OR(Z38="",AB38=""),"-",(AB38-Z38)*100/Z38) -> - | AC38: =IF(OR(AB38="",AD38=""),"-",(AD38-AB38)*100/AB38) -> - | AE38: =IF(OR(AD38="",AF38=""),"-",(AF38-AD38)*100/AD38) -> -
A39: Taxa Metabólica Basal (kcal; Harris Benedict) | C39: ='BD tratado'!D37 -> #NAME? | D39: =IF(D10,IF($K$1="Masculino",66.5+(13.75*D10)+(5.003*D11)-(6.775*D7),655.1+(9.563*D10)+(1.85*D11)-(4.676*D7)),"") -> 1639.9184 | E39: =IF(OR(D39="",F39=""),"-",(F39-D39)*100/D39) -> -7.1133051 | F39: =IF(F10,IF($K$1="Masculino",66.5+(13.75*F10)+(5.003*F11)-(6.775*F7),655.1+(9.563*F10)+(1.85*F11)-(4.676*F7)),"") -> 1523.266 | G39: =IF(OR(F39="",H39=""),"-",(H39-F39)*100/F39) -> -4.7841283 | H39: =IF(H10,IF($K$1="Masculino",66.5+(13.75*H10)+(5.003*H11)-(6.775*H7),655.1+(9.563*H10)+(1.85*H11)-(4.676*H7)),"") -> 1450.391 | I39: =IF(OR(H39="",J39=""),"-",(J39-H39)*100/H39) -> 2.0856445 | J39: =IF(J10,IF($K$1="Masculino",66.5+(13.75*J10)+(5.003*J11)-(6.775*J7),655.1+(9.563*J10)+(1.85*J11)-(4.676*J7)),"") -> 1480.641 | K39: =IF(OR(J39="",L39=""),"-",(L39-J39)*100/J39) -> 2.1426531 | L39: =IF(L10,IF($K$1="Masculino",66.5+(13.75*L10)+(5.003*L11)-(6.775*L7),655.1+(9.563*L10)+(1.85*L11)-(4.676*L7)),"") -> 1512.366 | M39: =IF(OR(L39="",N39=""),"-",(N39-L39)*100/L39) -> -0.090917146 | N39: =IF(N10,IF($K$1="Masculino",66.5+(13.75*N10)+(5.003*N11)-(6.775*N7),655.1+(9.563*N10)+(1.85*N11)-(4.676*N7)),"") -> 1510.991 | O39: =IF(OR(N39="",P39=""),"-",(P39-N39)*100/N39) -> -0.44838123 | P39: =IF(P10,IF($K$1="Masculino",66.5+(13.75*P10)+(5.003*P11)-(6.775*P7),655.1+(9.563*P10)+(1.85*P11)-(4.676*P7)),"") -> 1504.216 | Q39: =IF(OR(P39="",R39=""),"-",(R39-P39)*100/P39) -> 2.8337021 | R39: =IF(R10,IF($K$1="Masculino",66.5+(13.75*R10)+(5.003*R11)-(6.775*R7),655.1+(9.563*R10)+(1.85*R11)-(4.676*R7)),"") -> 1546.841 | S39: =IF(OR(R39="",T39=""),"-",(T39-R39)*100/R39) -> -1.9491338 | T39: =IF(T10,IF($K$1="Masculino",66.5+(13.75*T10)+(5.003*T11)-(6.775*T7),655.1+(9.563*T10)+(1.85*T11)-(4.676*T7)),"") -> 1516.691 | U39: =IF(OR(T39="",V39=""),"-",(V39-T39)*100/T39) -> -0.36263154 | V39: =IF(V10,IF($K$1="Masculino",66.5+(13.75*V10)+(5.003*V11)-(6.775*V7),655.1+(9.563*V10)+(1.85*V11)-(4.676*V7)),"") -> 1511.191 | W39: =IF(OR(V39="",X39=""),"-",(X39-V39)*100/V39) -> -1.4558054 | X39: =IF(X10,IF($K$1="Masculino",66.5+(13.75*X10)+(5.003*X11)-(6.775*X7),655.1+(9.563*X10)+(1.85*X11)-(4.676*X7)),"") -> 1489.191 | Y39: =IF(OR(X39="",Z39=""),"-",(Z39-X39)*100/X39) -> 2.7699603 | Z39: =IF(Z10,IF($K$1="Masculino",66.5+(13.75*Z10)+(5.003*Z11)-(6.775*Z7),655.1+(9.563*Z10)+(1.85*Z11)-(4.676*Z7)),"") -> 1530.441 | AA39: =IF(OR(Z39="",AB39=""),"-",(AB39-Z39)*100/Z39) -> - | AB39: =IF(AB10,IF($K$1="Masculino",66.5+(13.75*AB10)+(5.003*AB11)-(6.775*AB7),655.1+(9.563*AB10)+(1.85*AB11)-(4.676*AB7)),"") | AC39: =IF(OR(AB39="",AD39=""),"-",(AD39-AB39)*100/AB39) -> - | AD39: =IF(AD10,IF($K$1="Masculino",66.5+(13.75*AD10)+(5.003*AD11)-(6.775*AD7),655.1+(9.563*AD10)+(1.85*AD11)-(4.676*AD7)),"") | AE39: =IF(OR(AD39="",AF39=""),"-",(AF39-AD39)*100/AD39) -> - | AF39: =IF(AF10,IF($K$1="Masculino",66.5+(13.75*AF10)+(5.003*AF11)-(6.775*AF7),655.1+(9.563*AF10)+(1.85*AF11)-(4.676*AF7)),"")
A40: Taxa Metabólica Basal (kcal; Média) | C40: ='BD tratado'!D38 -> #NAME? | D40: =IF(D39,AVERAGE(D38:D39),"") -> 1639.9184 | E40: =IF(OR(D40="",F40=""),"-",(F40-D40)*100/D40) -> -7.1133051 | F40: =IF(F39,AVERAGE(F38:F39),"") -> 1523.266 | G40: =IF(OR(F40="",H40=""),"-",(H40-F40)*100/F40) -> -4.7841283 | H40: =IF(H39,AVERAGE(H38:H39),"") -> 1450.391 | I40: =IF(OR(H40="",J40=""),"-",(J40-H40)*100/H40) -> 2.0856445 | J40: =IF(J39,AVERAGE(J38:J39),"") -> 1480.641 | K40: =IF(OR(J40="",L40=""),"-",(L40-J40)*100/J40) -> 2.1426531 | L40: =IF(L39,AVERAGE(L38:L39),"") -> 1512.366 | M40: =IF(OR(L40="",N40=""),"-",(N40-L40)*100/L40) -> -0.090917146 | N40: =IF(N39,AVERAGE(N38:N39),"") -> 1510.991 | O40: =IF(OR(N40="",P40=""),"-",(P40-N40)*100/N40) -> -0.65407405 | P40: =IF(P39,AVERAGE(P38:P39),"") -> 1501.108 | Q40: =IF(OR(P40="",R40=""),"-",(R40-P40)*100/P40) -> 7.0822686 | R40: =IF(R39,AVERAGE(R38:R39),"") -> 1607.4205 | S40: =IF(OR(R40="",T40=""),"-",(T40-R40)*100/R40) -> -1.8399044 | T40: =IF(T39,AVERAGE(T38:T39),"") -> 1577.8455 | U40: =IF(OR(T40="",V40=""),"-",(V40-T40)*100/T40) -> -0.17428829 | V40: =IF(V39,AVERAGE(V38:V39),"") -> 1575.0955 | W40: =IF(OR(V40="",X40=""),"-",(X40-V40)*100/V40) -> -1.9046464 | X40: =IF(X39,AVERAGE(X38:X39),"") -> 1545.0955 | Y40: =IF(OR(X40="",Z40=""),"-",(Z40-X40)*100/X40) -> 2.2733223 | Z40: =IF(Z39,AVERAGE(Z38:Z39),"") -> 1580.2205 | AA40: =IF(OR(Z40="",AB40=""),"-",(AB40-Z40)*100/Z40) -> #VALUE! | AB40: =IF(AB39,AVERAGE(AB38:AB39),"") -> #VALUE! | AC40: =IF(OR(AB40="",AD40=""),"-",(AD40-AB40)*100/AB40) -> #VALUE! | AD40: =IF(AD39,AVERAGE(AD38:AD39),"") -> #VALUE! | AE40: =IF(OR(AD40="",AF40=""),"-",(AF40-AD40)*100/AD40) -> #VALUE! | AF40: =IF(AF39,AVERAGE(AF38:AF39),"") -> #VALUE!
A41: Área Muscular do Braço - UMA (cm²) | C41: ='BD tratado'!D39 -> #NAME? | D41: =IF(D19,((D19-((D27/10)*3.1416))^2)/12.5664,"") -> 57.943382 | E41: =IF(OR(D41="",F41=""),"-",(F41-D41)*100/D41) -> 29.273927 | F41: =IF(F19,((F19-((F27/10)*3.1416))^2)/12.5664,"") -> 74.905685 | G41: =IF(OR(F41="",H41=""),"-",(H41-F41)*100/F41) -> -12.229331 | H41: =IF(H19,((H19-((H27/10)*3.1416))^2)/12.5664,"") -> 65.745221 | I41: =IF(OR(H41="",J41=""),"-",(J41-H41)*100/H41) -> 7.5320489 | J41: =IF(J19,((J19-((J27/10)*3.1416))^2)/12.5664,"") -> 70.697183 | K41: =IF(OR(J41="",L41=""),"-",(L41-J41)*100/J41) -> 6.3872718 | L41: =IF(L19,((L19-((L27/10)*3.1416))^2)/12.5664,"") -> 75.212804 | M41: =IF(OR(L41="",N41=""),"-",(N41-L41)*100/L41) -> -4.8111596 | N41: =IF(N19,((N19-((N27/10)*3.1416))^2)/12.5664,"") -> 71.594196 | O41: =IF(OR(N41="",P41=""),"-",(P41-N41)*100/N41) -> 6.7789978 | P41: =IF(P19,((P19-((P27/10)*3.1416))^2)/12.5664,"") -> 76.447565 | Q41: =IF(OR(P41="",R41=""),"-",(R41-P41)*100/P41) -> 4.8133041 | R41: =IF(R19,((R19-((R27/10)*3.1416))^2)/12.5664,"") -> 80.127219 | S41: =IF(OR(R41="",T41=""),"-",(T41-R41)*100/R41) -> -4.9786908 | T41: =IF(T19,((T19-((T27/10)*3.1416))^2)/12.5664,"") -> 76.137933 | U41: =IF(OR(T41="",V41=""),"-",(V41-T41)*100/T41) -> 0 | V41: =IF(V19,((V19-((V27/10)*3.1416))^2)/12.5664,"") -> 76.137933 | W41: =IF(OR(V41="",X41=""),"-",(X41-V41)*100/V41) -> - | X41: =IF(X19,((X19-((X27/10)*3.1416))^2)/12.5664,"") | Y41: =IF(OR(X41="",Z41=""),"-",(Z41-X41)*100/X41) -> - | Z41: =IF(Z19,((Z19-((Z27/10)*3.1416))^2)/12.5664,"") | AA41: =IF(OR(Z41="",AB41=""),"-",(AB41-Z41)*100/Z41) -> - | AB41: =IF(AB19,((AB19-((AB27/10)*3.1416))^2)/12.5664,"") | AC41: =IF(OR(AB41="",AD41=""),"-",(AD41-AB41)*100/AB41) -> - | AD41: =IF(AD19,((AD19-((AD27/10)*3.1416))^2)/12.5664,"") | AE41: =IF(OR(AD41="",AF41=""),"-",(AF41-AD41)*100/AD41) -> - | AF41: =IF(AF19,((AF19-((AF27/10)*3.1416))^2)/12.5664,"")
A42: IMC | C42: ='BD tratado'!D40 -> #NAME? | D42: =IF(D10,D10/((D11/100)^2),"") -> 25.351777 | E42: =IF(OR(D42="",F42=""),"-",(F42-D42)*100/D42) -> -9.3341754 | F42: =IF(F10,F10/((F11/100)^2),"") -> 22.985398 | G42: =IF(OR(F42="",H42=""),"-",(H42-F42)*100/F42) -> -7.7941176 | H42: =IF(H10,H10/((H11/100)^2),"") -> 21.193889 | I42: =IF(OR(H42="",J42=""),"-",(J42-H42)*100/H42) -> 3.5087719 | J42: =IF(J10,J10/((J11/100)^2),"") -> 21.937534 | K42: =IF(OR(J42="",L42=""),"-",(L42-J42)*100/J42) -> 4.3143297 | L42: =IF(L10,L10/((L11/100)^2),"") -> 22.883991 | M42: =IF(OR(L42="",N42=""),"-",(N42-L42)*100/L42) -> -0.14771049 | N42: =IF(N10,N10/((N11/100)^2),"") -> 22.850189 | O42: =IF(OR(N42="",P42=""),"-",(P42-N42)*100/N42) -> 0 | P42: =IF(P10,P10/((P11/100)^2),"") -> 22.850189 | Q42: =IF(OR(P42="",R42=""),"-",(R42-P42)*100/P42) -> 4.5857988 | R42: =IF(R10,R10/((R11/100)^2),"") -> 23.898053 | S42: =IF(OR(R42="",T42=""),"-",(T42-R42)*100/R42) -> -2.4045262 | T42: =IF(T10,T10/((T11/100)^2),"") -> 23.323418 | U42: =IF(OR(T42="",V42=""),"-",(V42-T42)*100/T42) -> -0.57971014 | V42: =IF(V10,V10/((V11/100)^2),"") -> 23.18821 | W42: =IF(OR(V42="",X42=""),"-",(X42-V42)*100/V42) -> -2.3323615 | X42: =IF(X10,X10/((X11/100)^2),"") -> 22.647377 | Y42: =IF(OR(X42="",Z42=""),"-",(Z42-X42)*100/X42) -> 4.4776119 | Z42: =IF(Z10,Z10/((Z11/100)^2),"") -> 23.661439 | AA42: =IF(OR(Z42="",AB42=""),"-",(AB42-Z42)*100/Z42) -> - | AB42: =IF(AB10,AB10/((AB11/100)^2),"") | AC42: =IF(OR(AB42="",AD42=""),"-",(AD42-AB42)*100/AB42) -> - | AD42: =IF(AD10,AD10/((AD11/100)^2),"") | AE42: =IF(OR(AD42="",AF42=""),"-",(AF42-AD42)*100/AD42) -> - | AF42: =IF(AF10,AF10/((AF11/100)^2),"")
A43: Ultrassom
A44: M. Anter. do Br.(mm) - p1 | C44: ='BD tratado'!D42 -> #NAME? | D44: 30.7 | E44: =IF(OR(D44="",F44="",D44="-",F44="-"),"-",(F44-D44)*100/D44) -> 8.4690554 | F44: 33.3 | G44: =IF(OR(F44="",H44="",F44="-",H44="-"),"-",(H44-F44)*100/F44) -> -21.621622 | H44: 26.1 | I44: =IF(OR(H44="",J44="",H44="-",J44="-"),"-",(J44-H44)*100/H44) -> 20.689655 | J44: 31.5 | K44: =IF(OR(J44="",L44="",J44="-",L44="-"),"-",(L44-J44)*100/J44) -> 16.190476 | L44: 36.6 | M44: =IF(OR(L44="",N44="",L44="-",N44="-"),"-",(N44-L44)*100/L44) -> - | O44: =IF(OR(N44="",P44="",N44="-",P44="-"),"-",(P44-N44)*100/N44) -> - | P44: 31.6 | Q44: =IF(OR(P44="",R44="",P44="-",R44="-"),"-",(R44-P44)*100/P44) -> 4.4303797 | R44: 33 | S44: =IF(OR(R44="",T44="",R44="-",T44="-"),"-",(T44-R44)*100/R44) -> - | U44: =IF(OR(T44="",V44="",T44="-",V44="-"),"-",(V44-T44)*100/T44) -> - | V44: 35.2 | W44: =IF(OR(V44="",X44="",V44="-",X44="-"),"-",(X44-V44)*100/V44) -> - | Y44: =IF(OR(X44="",Z44="",X44="-",Z44="-"),"-",(Z44-X44)*100/X44) -> - | AA44: =IF(OR(Z44="",AB44="",Z44="-",AB44="-"),"-",(AB44-Z44)*100/Z44) -> - | AC44: =IF(OR(AB44="",AD44="",AB44="-",AD44="-"),"-",(AD44-AB44)*100/AB44) -> - | AE44: =IF(OR(AD44="",AF44="",AD44="-",AF44="-"),"-",(AF44-AD44)*100/AD44) -> -
A45: M. Anter. do Br.(mm) - p2 | C45: ='BD tratado'!D43 -> #NAME? | E45: =IF(OR(D45="",F45="",D45="-",F45="-"),"-",(F45-D45)*100/D45) -> - | G45: =IF(OR(F45="",H45="",F45="-",H45="-"),"-",(H45-F45)*100/F45) -> - | I45: =IF(OR(H45="",J45="",H45="-",J45="-"),"-",(J45-H45)*100/H45) -> - | K45: =IF(OR(J45="",L45="",J45="-",L45="-"),"-",(L45-J45)*100/J45) -> - | M45: =IF(OR(L45="",N45="",L45="-",N45="-"),"-",(N45-L45)*100/L45) -> - | O45: =IF(OR(N45="",P45="",N45="-",P45="-"),"-",(P45-N45)*100/N45) -> - | Q45: =IF(OR(P45="",R45="",P45="-",R45="-"),"-",(R45-P45)*100/P45) -> - | S45: =IF(OR(R45="",T45="",R45="-",T45="-"),"-",(T45-R45)*100/R45) -> - | U45: =IF(OR(T45="",V45="",T45="-",V45="-"),"-",(V45-T45)*100/T45) -> - | W45: =IF(OR(V45="",X45="",V45="-",X45="-"),"-",(X45-V45)*100/V45) -> - | Y45: =IF(OR(X45="",Z45="",X45="-",Z45="-"),"-",(Z45-X45)*100/X45) -> - | AA45: =IF(OR(Z45="",AB45="",Z45="-",AB45="-"),"-",(AB45-Z45)*100/Z45) -> - | AC45: =IF(OR(AB45="",AD45="",AB45="-",AD45="-"),"-",(AD45-AB45)*100/AB45) -> - | AE45: =IF(OR(AD45="",AF45="",AD45="-",AF45="-"),"-",(AF45-AD45)*100/AD45) -> -
A46: M. Anter. do Br.(mm) - p3 | C46: ='BD tratado'!D44 -> #NAME? | E46: =IF(OR(D46="",F46="",D46="-",F46="-"),"-",(F46-D46)*100/D46) -> - | G46: =IF(OR(F46="",H46="",F46="-",H46="-"),"-",(H46-F46)*100/F46) -> - | I46: =IF(OR(H46="",J46="",H46="-",J46="-"),"-",(J46-H46)*100/H46) -> - | K46: =IF(OR(J46="",L46="",J46="-",L46="-"),"-",(L46-J46)*100/J46) -> - | M46: =IF(OR(L46="",N46="",L46="-",N46="-"),"-",(N46-L46)*100/L46) -> - | O46: =IF(OR(N46="",P46="",N46="-",P46="-"),"-",(P46-N46)*100/N46) -> - | Q46: =IF(OR(P46="",R46="",P46="-",R46="-"),"-",(R46-P46)*100/P46) -> - | S46: =IF(OR(R46="",T46="",R46="-",T46="-"),"-",(T46-R46)*100/R46) -> - | U46: =IF(OR(T46="",V46="",T46="-",V46="-"),"-",(V46-T46)*100/T46) -> - | W46: =IF(OR(V46="",X46="",V46="-",X46="-"),"-",(X46-V46)*100/V46) -> - | Y46: =IF(OR(X46="",Z46="",X46="-",Z46="-"),"-",(Z46-X46)*100/X46) -> - | AA46: =IF(OR(Z46="",AB46="",Z46="-",AB46="-"),"-",(AB46-Z46)*100/Z46) -> - | AC46: =IF(OR(AB46="",AD46="",AB46="-",AD46="-"),"-",(AD46-AB46)*100/AB46) -> - | AE46: =IF(OR(AD46="",AF46="",AD46="-",AF46="-"),"-",(AF46-AD46)*100/AD46) -> -
A47: M. Anter. do Br.(mm) - p4 | C47: ='BD tratado'!D45 -> #NAME? | E47: =IF(OR(D47="",F47="",D47="-",F47="-"),"-",(F47-D47)*100/D47) -> - | G47: =IF(OR(F47="",H47="",F47="-",H47="-"),"-",(H47-F47)*100/F47) -> - | I47: =IF(OR(H47="",J47="",H47="-",J47="-"),"-",(J47-H47)*100/H47) -> - | K47: =IF(OR(J47="",L47="",J47="-",L47="-"),"-",(L47-J47)*100/J47) -> - | M47: =IF(OR(L47="",N47="",L47="-",N47="-"),"-",(N47-L47)*100/L47) -> - | O47: =IF(OR(N47="",P47="",N47="-",P47="-"),"-",(P47-N47)*100/N47) -> - | Q47: =IF(OR(P47="",R47="",P47="-",R47="-"),"-",(R47-P47)*100/P47) -> - | S47: =IF(OR(R47="",T47="",R47="-",T47="-"),"-",(T47-R47)*100/R47) -> - | U47: =IF(OR(T47="",V47="",T47="-",V47="-"),"-",(V47-T47)*100/T47) -> - | W47: =IF(OR(V47="",X47="",V47="-",X47="-"),"-",(X47-V47)*100/V47) -> - | Y47: =IF(OR(X47="",Z47="",X47="-",Z47="-"),"-",(Z47-X47)*100/X47) -> - | AA47: =IF(OR(Z47="",AB47="",Z47="-",AB47="-"),"-",(AB47-Z47)*100/Z47) -> - | AC47: =IF(OR(AB47="",AD47="",AB47="-",AD47="-"),"-",(AD47-AB47)*100/AB47) -> - | AE47: =IF(OR(AD47="",AF47="",AD47="-",AF47="-"),"-",(AF47-AD47)*100/AD47) -> -
A48: Músculos Anteriores do Braço(mm) | C48: ='BD tratado'!D46 -> #NAME? | D48: =IF(D44,AVERAGE(D44:D47),"") -> 30.7 | E48: =IF(OR(D48="",F48="",D48="-",F48="-"),"-",(F48-D48)*100/D48) -> 8.4690554 | F48: =IF(F44,AVERAGE(F44:F47),"") -> 33.3 | G48: =IF(OR(F48="",H48="",F48="-",H48="-"),"-",(H48-F48)*100/F48) -> -21.621622 | H48: =IF(H44,AVERAGE(H44:H47),"") -> 26.1 | I48: =IF(OR(H48="",J48="",H48="-",J48="-"),"-",(J48-H48)*100/H48) -> 20.689655 | J48: =IF(J44,AVERAGE(J44:J47),"") -> 31.5 | K48: =IF(OR(J48="",L48="",J48="-",L48="-"),"-",(L48-J48)*100/J48) -> 16.190476 | L48: =IF(L44,AVERAGE(L44:L47),"") -> 36.6 | M48: =IF(OR(L48="",N48="",L48="-",N48="-"),"-",(N48-L48)*100/L48) -> - | N48: =IF(N44,AVERAGE(N44:N47),"") | O48: =IF(OR(N48="",P48="",N48="-",P48="-"),"-",(P48-N48)*100/N48) -> - | P48: =IF(P44,AVERAGE(P44:P47),"") -> 31.6 | Q48: =IF(OR(P48="",R48="",P48="-",R48="-"),"-",(R48-P48)*100/P48) -> 4.4303797 | R48: =IF(R44,AVERAGE(R44:R47),"") -> 33 | S48: =IF(OR(R48="",T48="",R48="-",T48="-"),"-",(T48-R48)*100/R48) -> - | T48: =IF(T44,AVERAGE(T44:T47),"") | U48: =IF(OR(T48="",V48="",T48="-",V48="-"),"-",(V48-T48)*100/T48) -> - | V48: =IF(V44,AVERAGE(V44:V47),"") -> 35.2 | W48: =IF(OR(V48="",X48="",V48="-",X48="-"),"-",(X48-V48)*100/V48) -> - | X48: =IF(X44,AVERAGE(X44:X47),"") | Y48: =IF(OR(X48="",Z48="",X48="-",Z48="-"),"-",(Z48-X48)*100/X48) -> - | Z48: =IF(Z44,AVERAGE(Z44:Z47),"") | AA48: =IF(OR(Z48="",AB48="",Z48="-",AB48="-"),"-",(AB48-Z48)*100/Z48) -> - | AB48: =IF(AB44,AVERAGE(AB44:AB47),"") | AC48: =IF(OR(AB48="",AD48="",AB48="-",AD48="-"),"-",(AD48-AB48)*100/AB48) -> - | AD48: =IF(AD44,AVERAGE(AD44:AD47),"") | AE48: =IF(OR(AD48="",AF48="",AD48="-",AF48="-"),"-",(AF48-AD48)*100/AD48) -> - | AF48: =IF(AF44,AVERAGE(AF44:AF47),"")
A49: M. Post. do Br.(mm) - p1 | C49: ='BD tratado'!D47 -> #NAME? | D49: 31.7 | E49: =IF(OR(D49="",F49="",D49="-",F49="-"),"-",(F49-D49)*100/D49) -> 17.350158 | F49: 37.2 | G49: =IF(OR(F49="",H49="",F49="-",H49="-"),"-",(H49-F49)*100/F49) -> 4.8387097 | H49: 39 | I49: =IF(OR(H49="",J49="",H49="-",J49="-"),"-",(J49-H49)*100/H49) -> 0.25641026 | J49: 39.1 | K49: =IF(OR(J49="",L49="",J49="-",L49="-"),"-",(L49-J49)*100/J49) -> 7.6726343 | L49: 42.1 | M49: =IF(OR(L49="",N49="",L49="-",N49="-"),"-",(N49-L49)*100/L49) -> - | O49: =IF(OR(N49="",P49="",N49="-",P49="-"),"-",(P49-N49)*100/N49) -> - | P49: 37.2 | Q49: =IF(OR(P49="",R49="",P49="-",R49="-"),"-",(R49-P49)*100/P49) -> 10.483871 | R49: 41.1 | S49: =IF(OR(R49="",T49="",R49="-",T49="-"),"-",(T49-R49)*100/R49) -> - | U49: =IF(OR(T49="",V49="",T49="-",V49="-"),"-",(V49-T49)*100/T49) -> - | V49: 46.5 | W49: =IF(OR(V49="",X49="",V49="-",X49="-"),"-",(X49-V49)*100/V49) -> - | Y49: =IF(OR(X49="",Z49="",X49="-",Z49="-"),"-",(Z49-X49)*100/X49) -> - | AA49: =IF(OR(Z49="",AB49="",Z49="-",AB49="-"),"-",(AB49-Z49)*100/Z49) -> - | AC49: =IF(OR(AB49="",AD49="",AB49="-",AD49="-"),"-",(AD49-AB49)*100/AB49) -> - | AE49: =IF(OR(AD49="",AF49="",AD49="-",AF49="-"),"-",(AF49-AD49)*100/AD49) -> -
A50: M. Post. do Br.(mm) - p2 | C50: ='BD tratado'!D48 -> #NAME? | E50: =IF(OR(D50="",F50="",D50="-",F50="-"),"-",(F50-D50)*100/D50) -> - | G50: =IF(OR(F50="",H50="",F50="-",H50="-"),"-",(H50-F50)*100/F50) -> - | I50: =IF(OR(H50="",J50="",H50="-",J50="-"),"-",(J50-H50)*100/H50) -> - | K50: =IF(OR(J50="",L50="",J50="-",L50="-"),"-",(L50-J50)*100/J50) -> - | M50: =IF(OR(L50="",N50="",L50="-",N50="-"),"-",(N50-L50)*100/L50) -> - | O50: =IF(OR(N50="",P50="",N50="-",P50="-"),"-",(P50-N50)*100/N50) -> - | Q50: =IF(OR(P50="",R50="",P50="-",R50="-"),"-",(R50-P50)*100/P50) -> - | S50: =IF(OR(R50="",T50="",R50="-",T50="-"),"-",(T50-R50)*100/R50) -> - | U50: =IF(OR(T50="",V50="",T50="-",V50="-"),"-",(V50-T50)*100/T50) -> - | W50: =IF(OR(V50="",X50="",V50="-",X50="-"),"-",(X50-V50)*100/V50) -> - | Y50: =IF(OR(X50="",Z50="",X50="-",Z50="-"),"-",(Z50-X50)*100/X50) -> - | AA50: =IF(OR(Z50="",AB50="",Z50="-",AB50="-"),"-",(AB50-Z50)*100/Z50) -> - | AC50: =IF(OR(AB50="",AD50="",AB50="-",AD50="-"),"-",(AD50-AB50)*100/AB50) -> - | AE50: =IF(OR(AD50="",AF50="",AD50="-",AF50="-"),"-",(AF50-AD50)*100/AD50) -> -
A51: M. Post. do Br.(mm) - p3 | C51: ='BD tratado'!D49 -> #NAME? | E51: =IF(OR(D51="",F51="",D51="-",F51="-"),"-",(F51-D51)*100/D51) -> - | G51: =IF(OR(F51="",H51="",F51="-",H51="-"),"-",(H51-F51)*100/F51) -> - | I51: =IF(OR(H51="",J51="",H51="-",J51="-"),"-",(J51-H51)*100/H51) -> - | K51: =IF(OR(J51="",L51="",J51="-",L51="-"),"-",(L51-J51)*100/J51) -> - | M51: =IF(OR(L51="",N51="",L51="-",N51="-"),"-",(N51-L51)*100/L51) -> - | O51: =IF(OR(N51="",P51="",N51="-",P51="-"),"-",(P51-N51)*100/N51) -> - | Q51: =IF(OR(P51="",R51="",P51="-",R51="-"),"-",(R51-P51)*100/P51) -> - | S51: =IF(OR(R51="",T51="",R51="-",T51="-"),"-",(T51-R51)*100/R51) -> - | U51: =IF(OR(T51="",V51="",T51="-",V51="-"),"-",(V51-T51)*100/T51) -> - | W51: =IF(OR(V51="",X51="",V51="-",X51="-"),"-",(X51-V51)*100/V51) -> - | Y51: =IF(OR(X51="",Z51="",X51="-",Z51="-"),"-",(Z51-X51)*100/X51) -> - | AA51: =IF(OR(Z51="",AB51="",Z51="-",AB51="-"),"-",(AB51-Z51)*100/Z51) -> - | AC51: =IF(OR(AB51="",AD51="",AB51="-",AD51="-"),"-",(AD51-AB51)*100/AB51) -> - | AE51: =IF(OR(AD51="",AF51="",AD51="-",AF51="-"),"-",(AF51-AD51)*100/AD51) -> -
A52: Músculos Posteriores do Braço(mm) | C52: ='BD tratado'!D50 -> #NAME? | D52: =IF(D49,AVERAGE(D49:D51),"") -> 31.7 | E52: =IF(OR(D52="",F52="",D52="-",F52="-"),"-",(F52-D52)*100/D52) -> 17.350158 | F52: =IF(F49,AVERAGE(F49:F51),"") -> 37.2 | G52: =IF(OR(F52="",H52="",F52="-",H52="-"),"-",(H52-F52)*100/F52) -> 4.8387097 | H52: =IF(H49,AVERAGE(H49:H51),"") -> 39 | I52: =IF(OR(H52="",J52="",H52="-",J52="-"),"-",(J52-H52)*100/H52) -> 0.25641026 | J52: =IF(J49,AVERAGE(J49:J51),"") -> 39.1 | K52: =IF(OR(J52="",L52="",J52="-",L52="-"),"-",(L52-J52)*100/J52) -> 7.6726343 | L52: =IF(L49,AVERAGE(L49:L51),"") -> 42.1 | M52: =IF(OR(L52="",N52="",L52="-",N52="-"),"-",(N52-L52)*100/L52) -> - | N52: =IF(N49,AVERAGE(N49:N51),"") | O52: =IF(OR(N52="",P52="",N52="-",P52="-"),"-",(P52-N52)*100/N52) -> - | P52: =IF(P49,AVERAGE(P49:P51),"") -> 37.2 | Q52: =IF(OR(P52="",R52="",P52="-",R52="-"),"-",(R52-P52)*100/P52) -> 10.483871 | R52: =IF(R49,AVERAGE(R49:R51),"") -> 41.1 | S52: =IF(OR(R52="",T52="",R52="-",T52="-"),"-",(T52-R52)*100/R52) -> - | T52: =IF(T49,AVERAGE(T49:T51),"") | U52: =IF(OR(T52="",V52="",T52="-",V52="-"),"-",(V52-T52)*100/T52) -> - | V52: =IF(V49,AVERAGE(V49:V51),"") -> 46.5 | W52: =IF(OR(V52="",X52="",V52="-",X52="-"),"-",(X52-V52)*100/V52) -> - | X52: =IF(X49,AVERAGE(X49:X51),"") | Y52: =IF(OR(X52="",Z52="",X52="-",Z52="-"),"-",(Z52-X52)*100/X52) -> - | Z52: =IF(Z49,AVERAGE(Z49:Z51),"") | AA52: =IF(OR(Z52="",AB52="",Z52="-",AB52="-"),"-",(AB52-Z52)*100/Z52) -> - | AB52: =IF(AB49,AVERAGE(AB49:AB51),"") | AC52: =IF(OR(AB52="",AD52="",AB52="-",AD52="-"),"-",(AD52-AB52)*100/AB52) -> - | AD52: =IF(AD49,AVERAGE(AD49:AD51),"") | AE52: =IF(OR(AD52="",AF52="",AD52="-",AF52="-"),"-",(AF52-AD52)*100/AD52) -> - | AF52: =IF(AF49,AVERAGE(AF49:AF51),"")
A53: Reto Femoral(mm) - p1 | C53: ='BD tratado'!D51 -> #NAME? | D53: 25.5 | E53: =IF(OR(D53="",F53="",D53="-",F53="-"),"-",(F53-D53)*100/D53) -> 0 | F53: 25.5 | G53: =IF(OR(F53="",H53="",F53="-",H53="-"),"-",(H53-F53)*100/F53) -> -16.078431 | H53: 21.4 | I53: =IF(OR(H53="",J53="",H53="-",J53="-"),"-",(J53-H53)*100/H53) -> 9.8130841 | J53: 23.5 | K53: =IF(OR(J53="",L53="",J53="-",L53="-"),"-",(L53-J53)*100/J53) -> 16.170213 | L53: 27.3 | M53: =IF(OR(L53="",N53="",L53="-",N53="-"),"-",(N53-L53)*100/L53) -> - | O53: =IF(OR(N53="",P53="",N53="-",P53="-"),"-",(P53-N53)*100/N53) -> - | P53: 21.6 | Q53: =IF(OR(P53="",R53="",P53="-",R53="-"),"-",(R53-P53)*100/P53) -> 37.037037 | R53: 29.6 | S53: =IF(OR(R53="",T53="",R53="-",T53="-"),"-",(T53-R53)*100/R53) -> - | U53: =IF(OR(T53="",V53="",T53="-",V53="-"),"-",(V53-T53)*100/T53) -> - | V53: 30.6 | W53: =IF(OR(V53="",X53="",V53="-",X53="-"),"-",(X53-V53)*100/V53) -> - | Y53: =IF(OR(X53="",Z53="",X53="-",Z53="-"),"-",(Z53-X53)*100/X53) -> - | AA53: =IF(OR(Z53="",AB53="",Z53="-",AB53="-"),"-",(AB53-Z53)*100/Z53) -> - | AC53: =IF(OR(AB53="",AD53="",AB53="-",AD53="-"),"-",(AD53-AB53)*100/AB53) -> - | AE53: =IF(OR(AD53="",AF53="",AD53="-",AF53="-"),"-",(AF53-AD53)*100/AD53) -> -
A54: Reto Femoral(mm) - p2 | C54: ='BD tratado'!D52 -> #NAME? | E54: =IF(OR(D54="",F54="",D54="-",F54="-"),"-",(F54-D54)*100/D54) -> - | G54: =IF(OR(F54="",H54="",F54="-",H54="-"),"-",(H54-F54)*100/F54) -> - | I54: =IF(OR(H54="",J54="",H54="-",J54="-"),"-",(J54-H54)*100/H54) -> - | K54: =IF(OR(J54="",L54="",J54="-",L54="-"),"-",(L54-J54)*100/J54) -> - | M54: =IF(OR(L54="",N54="",L54="-",N54="-"),"-",(N54-L54)*100/L54) -> - | O54: =IF(OR(N54="",P54="",N54="-",P54="-"),"-",(P54-N54)*100/N54) -> - | Q54: =IF(OR(P54="",R54="",P54="-",R54="-"),"-",(R54-P54)*100/P54) -> - | S54: =IF(OR(R54="",T54="",R54="-",T54="-"),"-",(T54-R54)*100/R54) -> - | U54: =IF(OR(T54="",V54="",T54="-",V54="-"),"-",(V54-T54)*100/T54) -> - | W54: =IF(OR(V54="",X54="",V54="-",X54="-"),"-",(X54-V54)*100/V54) -> - | Y54: =IF(OR(X54="",Z54="",X54="-",Z54="-"),"-",(Z54-X54)*100/X54) -> - | AA54: =IF(OR(Z54="",AB54="",Z54="-",AB54="-"),"-",(AB54-Z54)*100/Z54) -> - | AC54: =IF(OR(AB54="",AD54="",AB54="-",AD54="-"),"-",(AD54-AB54)*100/AB54) -> - | AE54: =IF(OR(AD54="",AF54="",AD54="-",AF54="-"),"-",(AF54-AD54)*100/AD54) -> -
A55: Reto Femoral(mm) - p3 | C55: ='BD tratado'!D53 -> #NAME? | E55: =IF(OR(D55="",F55="",D55="-",F55="-"),"-",(F55-D55)*100/D55) -> - | G55: =IF(OR(F55="",H55="",F55="-",H55="-"),"-",(H55-F55)*100/F55) -> - | I55: =IF(OR(H55="",J55="",H55="-",J55="-"),"-",(J55-H55)*100/H55) -> - | K55: =IF(OR(J55="",L55="",J55="-",L55="-"),"-",(L55-J55)*100/J55) -> - | M55: =IF(OR(L55="",N55="",L55="-",N55="-"),"-",(N55-L55)*100/L55) -> - | O55: =IF(OR(N55="",P55="",N55="-",P55="-"),"-",(P55-N55)*100/N55) -> - | Q55: =IF(OR(P55="",R55="",P55="-",R55="-"),"-",(R55-P55)*100/P55) -> - | S55: =IF(OR(R55="",T55="",R55="-",T55="-"),"-",(T55-R55)*100/R55) -> - | U55: =IF(OR(T55="",V55="",T55="-",V55="-"),"-",(V55-T55)*100/T55) -> - | W55: =IF(OR(V55="",X55="",V55="-",X55="-"),"-",(X55-V55)*100/V55) -> - | Y55: =IF(OR(X55="",Z55="",X55="-",Z55="-"),"-",(Z55-X55)*100/X55) -> - | AA55: =IF(OR(Z55="",AB55="",Z55="-",AB55="-"),"-",(AB55-Z55)*100/Z55) -> - | AC55: =IF(OR(AB55="",AD55="",AB55="-",AD55="-"),"-",(AD55-AB55)*100/AB55) -> - | AE55: =IF(OR(AD55="",AF55="",AD55="-",AF55="-"),"-",(AF55-AD55)*100/AD55) -> -
A56: Músculo Reto Femoral (mm) | C56: ='BD tratado'!D54 -> #NAME? | D56: =IF(D53,AVERAGE(D53:D55),"") -> 25.5 | E56: =IF(OR(D56="",F56="",D56="-",F56="-"),"-",(F56-D56)*100/D56) -> 0 | F56: =IF(F53,AVERAGE(F53:F55),"") -> 25.5 | G56: =IF(OR(F56="",H56="",F56="-",H56="-"),"-",(H56-F56)*100/F56) -> -16.078431 | H56: =IF(H53,AVERAGE(H53:H55),"") -> 21.4 | I56: =IF(OR(H56="",J56="",H56="-",J56="-"),"-",(J56-H56)*100/H56) -> 9.8130841 | J56: =IF(J53,AVERAGE(J53:J55),"") -> 23.5 | K56: =IF(OR(J56="",L56="",J56="-",L56="-"),"-",(L56-J56)*100/J56) -> 16.170213 | L56: =IF(L53,AVERAGE(L53:L55),"") -> 27.3 | M56: =IF(OR(L56="",N56="",L56="-",N56="-"),"-",(N56-L56)*100/L56) -> - | N56: =IF(N53,AVERAGE(N53:N55),"") | O56: =IF(OR(N56="",P56="",N56="-",P56="-"),"-",(P56-N56)*100/N56) -> - | P56: =IF(P53,AVERAGE(P53:P55),"") -> 21.6 | Q56: =IF(OR(P56="",R56="",P56="-",R56="-"),"-",(R56-P56)*100/P56) -> 37.037037 | R56: =IF(R53,AVERAGE(R53:R55),"") -> 29.6 | S56: =IF(OR(R56="",T56="",R56="-",T56="-"),"-",(T56-R56)*100/R56) -> - | T56: =IF(T53,AVERAGE(T53:T55),"") | U56: =IF(OR(T56="",V56="",T56="-",V56="-"),"-",(V56-T56)*100/T56) -> - | V56: =IF(V53,AVERAGE(V53:V55),"") -> 30.6 | W56: =IF(OR(V56="",X56="",V56="-",X56="-"),"-",(X56-V56)*100/V56) -> - | X56: =IF(X53,AVERAGE(X53:X55),"") | Y56: =IF(OR(X56="",Z56="",X56="-",Z56="-"),"-",(Z56-X56)*100/X56) -> - | Z56: =IF(Z53,AVERAGE(Z53:Z55),"") | AA56: =IF(OR(Z56="",AB56="",Z56="-",AB56="-"),"-",(AB56-Z56)*100/Z56) -> - | AB56: =IF(AB53,AVERAGE(AB53:AB55),"") | AC56: =IF(OR(AB56="",AD56="",AB56="-",AD56="-"),"-",(AD56-AB56)*100/AB56) -> - | AD56: =IF(AD53,AVERAGE(AD53:AD55),"") | AE56: =IF(OR(AD56="",AF56="",AD56="-",AF56="-"),"-",(AF56-AD56)*100/AD56) -> - | AF56: =IF(AF53,AVERAGE(AF53:AF55),"")
A57: Vasto Intermédio(mm) - p1 | C57: ='BD tratado'!D55 -> #NAME? | D57: 23.8 | E57: =IF(OR(D57="",F57="",D57="-",F57="-"),"-",(F57-D57)*100/D57) -> -0.42016807 | F57: 23.7 | G57: =IF(OR(F57="",H57="",F57="-",H57="-"),"-",(H57-F57)*100/F57) -> -20.253165 | H57: 18.9 | I57: =IF(OR(H57="",J57="",H57="-",J57="-"),"-",(J57-H57)*100/H57) -> 0 | J57: 18.9 | K57: =IF(OR(J57="",L57="",J57="-",L57="-"),"-",(L57-J57)*100/J57) -> -2.1164021 | L57: 18.5 | M57: =IF(OR(L57="",N57="",L57="-",N57="-"),"-",(N57-L57)*100/L57) -> - | O57: =IF(OR(N57="",P57="",N57="-",P57="-"),"-",(P57-N57)*100/N57) -> - | P57: 19.9 | Q57: =IF(OR(P57="",R57="",P57="-",R57="-"),"-",(R57-P57)*100/P57) -> 2.0100503 | R57: 20.3 | S57: =IF(OR(R57="",T57="",R57="-",T57="-"),"-",(T57-R57)*100/R57) -> - | U57: =IF(OR(T57="",V57="",T57="-",V57="-"),"-",(V57-T57)*100/T57) -> - | V57: 24.7 | W57: =IF(OR(V57="",X57="",V57="-",X57="-"),"-",(X57-V57)*100/V57) -> - | Y57: =IF(OR(X57="",Z57="",X57="-",Z57="-"),"-",(Z57-X57)*100/X57) -> - | AA57: =IF(OR(Z57="",AB57="",Z57="-",AB57="-"),"-",(AB57-Z57)*100/Z57) -> - | AC57: =IF(OR(AB57="",AD57="",AB57="-",AD57="-"),"-",(AD57-AB57)*100/AB57) -> - | AE57: =IF(OR(AD57="",AF57="",AD57="-",AF57="-"),"-",(AF57-AD57)*100/AD57) -> -
A58: Vasto Intermédio(mm) - p2 | C58: ='BD tratado'!D56 -> #NAME? | E58: =IF(OR(D58="",F58="",D58="-",F58="-"),"-",(F58-D58)*100/D58) -> - | G58: =IF(OR(F58="",H58="",F58="-",H58="-"),"-",(H58-F58)*100/F58) -> - | I58: =IF(OR(H58="",J58="",H58="-",J58="-"),"-",(J58-H58)*100/H58) -> - | K58: =IF(OR(J58="",L58="",J58="-",L58="-"),"-",(L58-J58)*100/J58) -> - | M58: =IF(OR(L58="",N58="",L58="-",N58="-"),"-",(N58-L58)*100/L58) -> - | O58: =IF(OR(N58="",P58="",N58="-",P58="-"),"-",(P58-N58)*100/N58) -> - | Q58: =IF(OR(P58="",R58="",P58="-",R58="-"),"-",(R58-P58)*100/P58) -> - | S58: =IF(OR(R58="",T58="",R58="-",T58="-"),"-",(T58-R58)*100/R58) -> - | U58: =IF(OR(T58="",V58="",T58="-",V58="-"),"-",(V58-T58)*100/T58) -> - | W58: =IF(OR(V58="",X58="",V58="-",X58="-"),"-",(X58-V58)*100/V58) -> - | Y58: =IF(OR(X58="",Z58="",X58="-",Z58="-"),"-",(Z58-X58)*100/X58) -> - | AA58: =IF(OR(Z58="",AB58="",Z58="-",AB58="-"),"-",(AB58-Z58)*100/Z58) -> - | AC58: =IF(OR(AB58="",AD58="",AB58="-",AD58="-"),"-",(AD58-AB58)*100/AB58) -> - | AE58: =IF(OR(AD58="",AF58="",AD58="-",AF58="-"),"-",(AF58-AD58)*100/AD58) -> -
A59: Vasto Intermédio(mm) - p3 | C59: ='BD tratado'!D57 -> #NAME? | E59: =IF(OR(D59="",F59="",D59="-",F59="-"),"-",(F59-D59)*100/D59) -> - | G59: =IF(OR(F59="",H59="",F59="-",H59="-"),"-",(H59-F59)*100/F59) -> - | I59: =IF(OR(H59="",J59="",H59="-",J59="-"),"-",(J59-H59)*100/H59) -> - | K59: =IF(OR(J59="",L59="",J59="-",L59="-"),"-",(L59-J59)*100/J59) -> - | M59: =IF(OR(L59="",N59="",L59="-",N59="-"),"-",(N59-L59)*100/L59) -> - | O59: =IF(OR(N59="",P59="",N59="-",P59="-"),"-",(P59-N59)*100/N59) -> - | Q59: =IF(OR(P59="",R59="",P59="-",R59="-"),"-",(R59-P59)*100/P59) -> - | S59: =IF(OR(R59="",T59="",R59="-",T59="-"),"-",(T59-R59)*100/R59) -> - | U59: =IF(OR(T59="",V59="",T59="-",V59="-"),"-",(V59-T59)*100/T59) -> - | W59: =IF(OR(V59="",X59="",V59="-",X59="-"),"-",(X59-V59)*100/V59) -> - | Y59: =IF(OR(X59="",Z59="",X59="-",Z59="-"),"-",(Z59-X59)*100/X59) -> - | AA59: =IF(OR(Z59="",AB59="",Z59="-",AB59="-"),"-",(AB59-Z59)*100/Z59) -> - | AC59: =IF(OR(AB59="",AD59="",AB59="-",AD59="-"),"-",(AD59-AB59)*100/AB59) -> - | AE59: =IF(OR(AD59="",AF59="",AD59="-",AF59="-"),"-",(AF59-AD59)*100/AD59) -> -
A60: Músculo Vasto Intermédio (mm) | C60: ='BD tratado'!D58 -> #NAME? | D60: =IF(D57,AVERAGE(D57:D59),"") -> 23.8 | E60: =IF(OR(D60="",F60="",D60="-",F60="-"),"-",(F60-D60)*100/D60) -> -0.42016807 | F60: =IF(F57,AVERAGE(F57:F59),"") -> 23.7 | G60: =IF(OR(F60="",H60="",F60="-",H60="-"),"-",(H60-F60)*100/F60) -> -20.253165 | H60: =IF(H57,AVERAGE(H57:H59),"") -> 18.9 | I60: =IF(OR(H60="",J60="",H60="-",J60="-"),"-",(J60-H60)*100/H60) -> 0 | J60: =IF(J57,AVERAGE(J57:J59),"") -> 18.9 | K60: =IF(OR(J60="",L60="",J60="-",L60="-"),"-",(L60-J60)*100/J60) -> -2.1164021 | L60: =IF(L57,AVERAGE(L57:L59),"") -> 18.5 | M60: =IF(OR(L60="",N60="",L60="-",N60="-"),"-",(N60-L60)*100/L60) -> - | N60: =IF(N57,AVERAGE(N57:N59),"") | O60: =IF(OR(N60="",P60="",N60="-",P60="-"),"-",(P60-N60)*100/N60) -> - | P60: =IF(P57,AVERAGE(P57:P59),"") -> 19.9 | Q60: =IF(OR(P60="",R60="",P60="-",R60="-"),"-",(R60-P60)*100/P60) -> 2.0100503 | R60: =IF(R57,AVERAGE(R57:R59),"") -> 20.3 | S60: =IF(OR(R60="",T60="",R60="-",T60="-"),"-",(T60-R60)*100/R60) -> - | T60: =IF(T57,AVERAGE(T57:T59),"") | U60: =IF(OR(T60="",V60="",T60="-",V60="-"),"-",(V60-T60)*100/T60) -> - | V60: =IF(V57,AVERAGE(V57:V59),"") -> 24.7 | W60: =IF(OR(V60="",X60="",V60="-",X60="-"),"-",(X60-V60)*100/V60) -> - | X60: =IF(X57,AVERAGE(X57:X59),"") | Y60: =IF(OR(X60="",Z60="",X60="-",Z60="-"),"-",(Z60-X60)*100/X60) -> - | Z60: =IF(Z57,AVERAGE(Z57:Z59),"") | AA60: =IF(OR(Z60="",AB60="",Z60="-",AB60="-"),"-",(AB60-Z60)*100/Z60) -> - | AB60: =IF(AB57,AVERAGE(AB57:AB59),"") | AC60: =IF(OR(AB60="",AD60="",AB60="-",AD60="-"),"-",(AD60-AB60)*100/AB60) -> - | AD60: =IF(AD57,AVERAGE(AD57:AD59),"") | AE60: =IF(OR(AD60="",AF60="",AD60="-",AF60="-"),"-",(AF60-AD60)*100/AD60) -> - | AF60: =IF(AF57,AVERAGE(AF57:AF59),"")
A61: Músculos Anteriores da Coxa(mm) | C61: ='BD tratado'!D59 -> #NAME? | D61: =IF(D56,D56+D60,"") -> 49.3 | E61: =IF(OR(D61="",F61="",D61="-",F61="-"),"-",(F61-D61)*100/D61) -> -0.20283976 | F61: =IF(F56,F56+F60,"") -> 49.2 | G61: =IF(OR(F61="",H61="",F61="-",H61="-"),"-",(H61-F61)*100/F61) -> -18.089431 | H61: =IF(H56,H56+H60,"") -> 40.3 | I61: =IF(OR(H61="",J61="",H61="-",J61="-"),"-",(J61-H61)*100/H61) -> 5.2109181 | J61: =IF(J56,J56+J60,"") -> 42.4 | K61: =IF(OR(J61="",L61="",J61="-",L61="-"),"-",(L61-J61)*100/J61) -> 8.0188679 | L61: =IF(L56,L56+L60,"") -> 45.8 | M61: =IF(OR(L61="",N61="",L61="-",N61="-"),"-",(N61-L61)*100/L61) -> #VALUE! | N61: =IF(N56,N56+N60,"") -> #VALUE! | O61: =IF(OR(N61="",P61="",N61="-",P61="-"),"-",(P61-N61)*100/N61) -> #VALUE! | P61: =IF(P56,P56+P60,"") -> 41.5 | Q61: =IF(OR(P61="",R61="",P61="-",R61="-"),"-",(R61-P61)*100/P61) -> 20.240964 | R61: =IF(R56,R56+R60,"") -> 49.9 | S61: =IF(OR(R61="",T61="",R61="-",T61="-"),"-",(T61-R61)*100/R61) -> #VALUE! | T61: =IF(T56,T56+T60,"") -> #VALUE! | U61: =IF(OR(T61="",V61="",T61="-",V61="-"),"-",(V61-T61)*100/T61) -> #VALUE! | V61: =IF(V56,V56+V60,"") -> 55.3 | W61: =IF(OR(V61="",X61="",V61="-",X61="-"),"-",(X61-V61)*100/V61) -> #VALUE! | X61: =IF(X56,X56+X60,"") -> #VALUE! | Y61: =IF(OR(X61="",Z61="",X61="-",Z61="-"),"-",(Z61-X61)*100/X61) -> #VALUE! | Z61: =IF(Z56,Z56+Z60,"") -> #VALUE! | AA61: =IF(OR(Z61="",AB61="",Z61="-",AB61="-"),"-",(AB61-Z61)*100/Z61) -> #VALUE! | AB61: =IF(AB56,AB56+AB60,"") -> #VALUE! | AC61: =IF(OR(AB61="",AD61="",AB61="-",AD61="-"),"-",(AD61-AB61)*100/AB61) -> #VALUE! | AD61: =IF(AD56,AD56+AD60,"") -> #VALUE! | AE61: =IF(OR(AD61="",AF61="",AD61="-",AF61="-"),"-",(AF61-AD61)*100/AD61) -> #VALUE! | AF61: =IF(AF56,AF56+AF60,"") -> #VALUE!
A63: G. Abd. S. Sup. (mm) - p1 | C63: ='BD tratado'!D61 -> #NAME? | D63: 18.9 | E63: =IF(OR(D63="",F63="",D63="-",F63="-"),"-",(F63-D63)*100/D63) -> -60.31746 | F63: 7.5 | G63: =IF(OR(F63="",H63="",F63="-",H63="-"),"-",(H63-F63)*100/F63) -> -42.666667 | H63: 4.3 | I63: =IF(OR(H63="",J63="",H63="-",J63="-"),"-",(J63-H63)*100/H63) -> 44.186047 | J63: 6.2 | K63: =IF(OR(J63="",L63="",J63="-",L63="-"),"-",(L63-J63)*100/J63) -> 3.2258065 | L63: 6.4 | M63: =IF(OR(L63="",N63="",L63="-",N63="-"),"-",(N63-L63)*100/L63) -> - | O63: =IF(OR(N63="",P63="",N63="-",P63="-"),"-",(P63-N63)*100/N63) -> - | P63: 5.7 | Q63: =IF(OR(P63="",R63="",P63="-",R63="-"),"-",(R63-P63)*100/P63) -> -12.280702 | R63: 5 | S63: =IF(OR(R63="",T63="",R63="-",T63="-"),"-",(T63-R63)*100/R63) -> - | U63: =IF(OR(T63="",V63="",T63="-",V63="-"),"-",(V63-T63)*100/T63) -> - | V63: 4 | W63: =IF(OR(V63="",X63="",V63="-",X63="-"),"-",(X63-V63)*100/V63) -> - | Y63: =IF(OR(X63="",Z63="",X63="-",Z63="-"),"-",(Z63-X63)*100/X63) -> - | AA63: =IF(OR(Z63="",AB63="",Z63="-",AB63="-"),"-",(AB63-Z63)*100/Z63) -> - | AC63: =IF(OR(AB63="",AD63="",AB63="-",AD63="-"),"-",(AD63-AB63)*100/AB63) -> - | AE63: =IF(OR(AD63="",AF63="",AD63="-",AF63="-"),"-",(AF63-AD63)*100/AD63) -> -
A64: G. Abd. S. Sup. (mm) - p2 | C64: ='BD tratado'!D62 -> #NAME? | E64: =IF(OR(D64="",F64="",D64="-",F64="-"),"-",(F64-D64)*100/D64) -> - | G64: =IF(OR(F64="",H64="",F64="-",H64="-"),"-",(H64-F64)*100/F64) -> - | I64: =IF(OR(H64="",J64="",H64="-",J64="-"),"-",(J64-H64)*100/H64) -> - | K64: =IF(OR(J64="",L64="",J64="-",L64="-"),"-",(L64-J64)*100/J64) -> - | M64: =IF(OR(L64="",N64="",L64="-",N64="-"),"-",(N64-L64)*100/L64) -> - | O64: =IF(OR(N64="",P64="",N64="-",P64="-"),"-",(P64-N64)*100/N64) -> - | Q64: =IF(OR(P64="",R64="",P64="-",R64="-"),"-",(R64-P64)*100/P64) -> - | S64: =IF(OR(R64="",T64="",R64="-",T64="-"),"-",(T64-R64)*100/R64) -> - | U64: =IF(OR(T64="",V64="",T64="-",V64="-"),"-",(V64-T64)*100/T64) -> - | W64: =IF(OR(V64="",X64="",V64="-",X64="-"),"-",(X64-V64)*100/V64) -> - | Y64: =IF(OR(X64="",Z64="",X64="-",Z64="-"),"-",(Z64-X64)*100/X64) -> - | AA64: =IF(OR(Z64="",AB64="",Z64="-",AB64="-"),"-",(AB64-Z64)*100/Z64) -> - | AC64: =IF(OR(AB64="",AD64="",AB64="-",AD64="-"),"-",(AD64-AB64)*100/AB64) -> - | AE64: =IF(OR(AD64="",AF64="",AD64="-",AF64="-"),"-",(AF64-AD64)*100/AD64) -> -
A65: G. Abd. S. Sup. (mm) - p3 | C65: ='BD tratado'!D63 -> #NAME? | E65: =IF(OR(D65="",F65="",D65="-",F65="-"),"-",(F65-D65)*100/D65) -> - | G65: =IF(OR(F65="",H65="",F65="-",H65="-"),"-",(H65-F65)*100/F65) -> - | I65: =IF(OR(H65="",J65="",H65="-",J65="-"),"-",(J65-H65)*100/H65) -> - | K65: =IF(OR(J65="",L65="",J65="-",L65="-"),"-",(L65-J65)*100/J65) -> - | M65: =IF(OR(L65="",N65="",L65="-",N65="-"),"-",(N65-L65)*100/L65) -> - | O65: =IF(OR(N65="",P65="",N65="-",P65="-"),"-",(P65-N65)*100/N65) -> - | Q65: =IF(OR(P65="",R65="",P65="-",R65="-"),"-",(R65-P65)*100/P65) -> - | S65: =IF(OR(R65="",T65="",R65="-",T65="-"),"-",(T65-R65)*100/R65) -> - | U65: =IF(OR(T65="",V65="",T65="-",V65="-"),"-",(V65-T65)*100/T65) -> - | W65: =IF(OR(V65="",X65="",V65="-",X65="-"),"-",(X65-V65)*100/V65) -> - | Y65: =IF(OR(X65="",Z65="",X65="-",Z65="-"),"-",(Z65-X65)*100/X65) -> - | AA65: =IF(OR(Z65="",AB65="",Z65="-",AB65="-"),"-",(AB65-Z65)*100/Z65) -> - | AC65: =IF(OR(AB65="",AD65="",AB65="-",AD65="-"),"-",(AD65-AB65)*100/AB65) -> - | AE65: =IF(OR(AD65="",AF65="",AD65="-",AF65="-"),"-",(AF65-AD65)*100/AD65) -> -
A66: Gordura Abdominal Subcutânea Superficial(mm) | C66: ='BD tratado'!D64 -> #NAME? | D66: =IF(D63,AVERAGE(D63:D65),"") -> 18.9 | E66: =IF(OR(D66="",F66="",D66="-",F66="-"),"-",(F66-D66)*100/D66) -> -60.31746 | F66: =IF(F63,AVERAGE(F63:F65),"") -> 7.5 | G66: =IF(OR(F66="",H66="",F66="-",H66="-"),"-",(H66-F66)*100/F66) -> -42.666667 | H66: =IF(H63,AVERAGE(H63:H65),"") -> 4.3 | I66: =IF(OR(H66="",J66="",H66="-",J66="-"),"-",(J66-H66)*100/H66) -> 44.186047 | J66: =IF(J63,AVERAGE(J63:J65),"") -> 6.2 | K66: =IF(OR(J66="",L66="",J66="-",L66="-"),"-",(L66-J66)*100/J66) -> 3.2258065 | L66: =IF(L63,AVERAGE(L63:L65),"") -> 6.4 | M66: =IF(OR(L66="",N66="",L66="-",N66="-"),"-",(N66-L66)*100/L66) -> - | N66: =IF(N63,AVERAGE(N63:N65),"") | O66: =IF(OR(N66="",P66="",N66="-",P66="-"),"-",(P66-N66)*100/N66) -> - | P66: =IF(P63,AVERAGE(P63:P65),"") -> 5.7 | Q66: =IF(OR(P66="",R66="",P66="-",R66="-"),"-",(R66-P66)*100/P66) -> -12.280702 | R66: =IF(R63,AVERAGE(R63:R65),"") -> 5 | S66: =IF(OR(R66="",T66="",R66="-",T66="-"),"-",(T66-R66)*100/R66) -> - | T66: =IF(T63,AVERAGE(T63:T65),"") | U66: =IF(OR(T66="",V66="",T66="-",V66="-"),"-",(V66-T66)*100/T66) -> - | V66: =IF(V63,AVERAGE(V63:V65),"") -> 4 | W66: =IF(OR(V66="",X66="",V66="-",X66="-"),"-",(X66-V66)*100/V66) -> - | X66: =IF(X63,AVERAGE(X63:X65),"") | Y66: =IF(OR(X66="",Z66="",X66="-",Z66="-"),"-",(Z66-X66)*100/X66) -> - | Z66: =IF(Z63,AVERAGE(Z63:Z65),"") | AA66: =IF(OR(Z66="",AB66="",Z66="-",AB66="-"),"-",(AB66-Z66)*100/Z66) -> - | AB66: =IF(AB63,AVERAGE(AB63:AB65),"") | AC66: =IF(OR(AB66="",AD66="",AB66="-",AD66="-"),"-",(AD66-AB66)*100/AB66) -> - | AD66: =IF(AD63,AVERAGE(AD63:AD65),"") | AE66: =IF(OR(AD66="",AF66="",AD66="-",AF66="-"),"-",(AF66-AD66)*100/AD66) -> - | AF66: =IF(AF63,AVERAGE(AF63:AF65),"")
A67: G. Abd. S. Prof.(mm) - p1 | C67: ='BD tratado'!D65 -> #NAME? | D67: 20.6 | E67: =IF(OR(D67="",F67="",D67="-",F67="-"),"-",(F67-D67)*100/D67) -> -47.572816 | F67: 10.8 | G67: =IF(OR(F67="",H67="",F67="-",H67="-"),"-",(H67-F67)*100/F67) -> -31.481481 | H67: 7.4 | I67: =IF(OR(H67="",J67="",H67="-",J67="-"),"-",(J67-H67)*100/H67) -> -43.243243 | J67: 4.2 | K67: =IF(OR(J67="",L67="",J67="-",L67="-"),"-",(L67-J67)*100/J67) -> -2.3809524 | L67: 4.1 | M67: =IF(OR(L67="",N67="",L67="-",N67="-"),"-",(N67-L67)*100/L67) -> - | O67: =IF(OR(N67="",P67="",N67="-",P67="-"),"-",(P67-N67)*100/N67) -> - | P67: 7.1 | Q67: =IF(OR(P67="",R67="",P67="-",R67="-"),"-",(R67-P67)*100/P67) -> -7.0422535 | R67: 6.6 | S67: =IF(OR(R67="",T67="",R67="-",T67="-"),"-",(T67-R67)*100/R67) -> - | U67: =IF(OR(T67="",V67="",T67="-",V67="-"),"-",(V67-T67)*100/T67) -> - | V67: 4.1 | W67: =IF(OR(V67="",X67="",V67="-",X67="-"),"-",(X67-V67)*100/V67) -> - | Y67: =IF(OR(X67="",Z67="",X67="-",Z67="-"),"-",(Z67-X67)*100/X67) -> - | AA67: =IF(OR(Z67="",AB67="",Z67="-",AB67="-"),"-",(AB67-Z67)*100/Z67) -> - | AC67: =IF(OR(AB67="",AD67="",AB67="-",AD67="-"),"-",(AD67-AB67)*100/AB67) -> - | AE67: =IF(OR(AD67="",AF67="",AD67="-",AF67="-"),"-",(AF67-AD67)*100/AD67) -> -
A68: G. Abd. S. Prof.(mm) - p2 | C68: ='BD tratado'!D66 -> #NAME? | E68: =IF(OR(D68="",F68="",D68="-",F68="-"),"-",(F68-D68)*100/D68) -> - | G68: =IF(OR(F68="",H68="",F68="-",H68="-"),"-",(H68-F68)*100/F68) -> - | I68: =IF(OR(H68="",J68="",H68="-",J68="-"),"-",(J68-H68)*100/H68) -> - | K68: =IF(OR(J68="",L68="",J68="-",L68="-"),"-",(L68-J68)*100/J68) -> - | M68: =IF(OR(L68="",N68="",L68="-",N68="-"),"-",(N68-L68)*100/L68) -> - | O68: =IF(OR(N68="",P68="",N68="-",P68="-"),"-",(P68-N68)*100/N68) -> - | Q68: =IF(OR(P68="",R68="",P68="-",R68="-"),"-",(R68-P68)*100/P68) -> - | S68: =IF(OR(R68="",T68="",R68="-",T68="-"),"-",(T68-R68)*100/R68) -> - | U68: =IF(OR(T68="",V68="",T68="-",V68="-"),"-",(V68-T68)*100/T68) -> - | W68: =IF(OR(V68="",X68="",V68="-",X68="-"),"-",(X68-V68)*100/V68) -> - | Y68: =IF(OR(X68="",Z68="",X68="-",Z68="-"),"-",(Z68-X68)*100/X68) -> - | AA68: =IF(OR(Z68="",AB68="",Z68="-",AB68="-"),"-",(AB68-Z68)*100/Z68) -> - | AC68: =IF(OR(AB68="",AD68="",AB68="-",AD68="-"),"-",(AD68-AB68)*100/AB68) -> - | AE68: =IF(OR(AD68="",AF68="",AD68="-",AF68="-"),"-",(AF68-AD68)*100/AD68) -> -
A69: G. Abd. S. Prof.(mm) - p3 | C69: ='BD tratado'!D67 -> #NAME? | E69: =IF(OR(D69="",F69="",D69="-",F69="-"),"-",(F69-D69)*100/D69) -> - | G69: =IF(OR(F69="",H69="",F69="-",H69="-"),"-",(H69-F69)*100/F69) -> - | I69: =IF(OR(H69="",J69="",H69="-",J69="-"),"-",(J69-H69)*100/H69) -> - | K69: =IF(OR(J69="",L69="",J69="-",L69="-"),"-",(L69-J69)*100/J69) -> - | M69: =IF(OR(L69="",N69="",L69="-",N69="-"),"-",(N69-L69)*100/L69) -> - | O69: =IF(OR(N69="",P69="",N69="-",P69="-"),"-",(P69-N69)*100/N69) -> - | Q69: =IF(OR(P69="",R69="",P69="-",R69="-"),"-",(R69-P69)*100/P69) -> - | S69: =IF(OR(R69="",T69="",R69="-",T69="-"),"-",(T69-R69)*100/R69) -> - | U69: =IF(OR(T69="",V69="",T69="-",V69="-"),"-",(V69-T69)*100/T69) -> - | W69: =IF(OR(V69="",X69="",V69="-",X69="-"),"-",(X69-V69)*100/V69) -> - | Y69: =IF(OR(X69="",Z69="",X69="-",Z69="-"),"-",(Z69-X69)*100/X69) -> - | AA69: =IF(OR(Z69="",AB69="",Z69="-",AB69="-"),"-",(AB69-Z69)*100/Z69) -> - | AC69: =IF(OR(AB69="",AD69="",AB69="-",AD69="-"),"-",(AD69-AB69)*100/AB69) -> - | AE69: =IF(OR(AD69="",AF69="",AD69="-",AF69="-"),"-",(AF69-AD69)*100/AD69) -> -
A70: Gordura Abdominal Subcutânea Profunda(mm) | C70: ='BD tratado'!D68 -> #NAME? | D70: =IF(D67,AVERAGE(D67:D69),"") -> 20.6 | E70: =IF(OR(D70="",F70="",D70="-",F70="-"),"-",(F70-D70)*100/D70) -> -47.572816 | F70: =IF(F67,AVERAGE(F67:F69),"") -> 10.8 | G70: =IF(OR(F70="",H70="",F70="-",H70="-"),"-",(H70-F70)*100/F70) -> -31.481481 | H70: =IF(H67,AVERAGE(H67:H69),"") -> 7.4 | I70: =IF(OR(H70="",J70="",H70="-",J70="-"),"-",(J70-H70)*100/H70) -> -43.243243 | J70: =IF(J67,AVERAGE(J67:J69),"") -> 4.2 | K70: =IF(OR(J70="",L70="",J70="-",L70="-"),"-",(L70-J70)*100/J70) -> -2.3809524 | L70: =IF(L67,AVERAGE(L67:L69),"") -> 4.1 | M70: =IF(OR(L70="",N70="",L70="-",N70="-"),"-",(N70-L70)*100/L70) -> - | N70: =IF(N67,AVERAGE(N67:N69),"") | O70: =IF(OR(N70="",P70="",N70="-",P70="-"),"-",(P70-N70)*100/N70) -> - | P70: =IF(P67,AVERAGE(P67:P69),"") -> 7.1 | Q70: =IF(OR(P70="",R70="",P70="-",R70="-"),"-",(R70-P70)*100/P70) -> -7.0422535 | R70: =IF(R67,AVERAGE(R67:R69),"") -> 6.6 | S70: =IF(OR(R70="",T70="",R70="-",T70="-"),"-",(T70-R70)*100/R70) -> - | T70: =IF(T67,AVERAGE(T67:T69),"") | U70: =IF(OR(T70="",V70="",T70="-",V70="-"),"-",(V70-T70)*100/T70) -> - | V70: =IF(V67,AVERAGE(V67:V69),"") -> 4.1 | W70: =IF(OR(V70="",X70="",V70="-",X70="-"),"-",(X70-V70)*100/V70) -> - | X70: =IF(X67,AVERAGE(X67:X69),"") | Y70: =IF(OR(X70="",Z70="",X70="-",Z70="-"),"-",(Z70-X70)*100/X70) -> - | Z70: =IF(Z67,AVERAGE(Z67:Z69),"") | AA70: =IF(OR(Z70="",AB70="",Z70="-",AB70="-"),"-",(AB70-Z70)*100/Z70) -> - | AB70: =IF(AB67,AVERAGE(AB67:AB69),"") | AC70: =IF(OR(AB70="",AD70="",AB70="-",AD70="-"),"-",(AD70-AB70)*100/AB70) -> - | AD70: =IF(AD67,AVERAGE(AD67:AD69),"") | AE70: =IF(OR(AD70="",AF70="",AD70="-",AF70="-"),"-",(AF70-AD70)*100/AD70) -> - | AF70: =IF(AF67,AVERAGE(AF67:AF69),"")
A71: Gordura Abdominal Supra muscular total(mm) | C71: ='BD tratado'!D69 -> #NAME? | D71: =IF(D66,D66+D70,"") -> 39.5 | E71: =IF(OR(D71="",F71="",D71="-",F71="-"),"-",(F71-D71)*100/D71) -> -53.670886 | F71: =IF(F66,F66+F70,"") -> 18.3 | G71: =IF(OR(F71="",H71="",F71="-",H71="-"),"-",(H71-F71)*100/F71) -> -36.065574 | H71: =IF(H66,H66+H70,"") -> 11.7 | I71: =IF(OR(H71="",J71="",H71="-",J71="-"),"-",(J71-H71)*100/H71) -> -11.111111 | J71: =IF(J66,J66+J70,"") -> 10.4 | K71: =IF(OR(J71="",L71="",J71="-",L71="-"),"-",(L71-J71)*100/J71) -> 0.96153846 | L71: =IF(L66,L66+L70,"") -> 10.5 | M71: =IF(OR(L71="",N71="",L71="-",N71="-"),"-",(N71-L71)*100/L71) -> #VALUE! | N71: =IF(N66,N66+N70,"") -> #VALUE! | O71: =IF(OR(N71="",P71="",N71="-",P71="-"),"-",(P71-N71)*100/N71) -> #VALUE! | P71: =IF(P66,P66+P70,"") -> 12.8 | Q71: =IF(OR(P71="",R71="",P71="-",R71="-"),"-",(R71-P71)*100/P71) -> -9.375 | R71: =IF(R66,R66+R70,"") -> 11.6 | S71: =IF(OR(R71="",T71="",R71="-",T71="-"),"-",(T71-R71)*100/R71) -> #VALUE! | T71: =IF(T66,T66+T70,"") -> #VALUE! | U71: =IF(OR(T71="",V71="",T71="-",V71="-"),"-",(V71-T71)*100/T71) -> #VALUE! | V71: =IF(V66,V66+V70,"") -> 8.1 | W71: =IF(OR(V71="",X71="",V71="-",X71="-"),"-",(X71-V71)*100/V71) -> #VALUE! | X71: =IF(X66,X66+X70,"") -> #VALUE! | Y71: =IF(OR(X71="",Z71="",X71="-",Z71="-"),"-",(Z71-X71)*100/X71) -> #VALUE! | Z71: =IF(Z66,Z66+Z70,"") -> #VALUE! | AA71: =IF(OR(Z71="",AB71="",Z71="-",AB71="-"),"-",(AB71-Z71)*100/Z71) -> #VALUE! | AB71: =IF(AB66,AB66+AB70,"") -> #VALUE! | AC71: =IF(OR(AB71="",AD71="",AB71="-",AD71="-"),"-",(AD71-AB71)*100/AB71) -> #VALUE! | AD71: =IF(AD66,AD66+AD70,"") -> #VALUE! | AE71: =IF(OR(AD71="",AF71="",AD71="-",AF71="-"),"-",(AF71-AD71)*100/AD71) -> #VALUE! | AF71: =IF(AF66,AF66+AF70,"") -> #VALUE!
A72: G. C. Ant. do Br(mm) - p1 | C72: ='BD tratado'!D70 -> #NAME? | D72: 4.2 | E72: =IF(OR(D72="",F72="",D72="-",F72="-"),"-",(F72-D72)*100/D72) -> -16.666667 | F72: 3.5 | G72: =IF(OR(F72="",H72="",F72="-",H72="-"),"-",(H72-F72)*100/F72) -> -2.8571429 | H72: 3.4 | I72: =IF(OR(H72="",J72="",H72="-",J72="-"),"-",(J72-H72)*100/H72) -> 35.294118 | J72: 4.6 | K72: =IF(OR(J72="",L72="",J72="-",L72="-"),"-",(L72-J72)*100/J72) -> -4.3478261 | L72: 4.4 | M72: =IF(OR(L72="",N72="",L72="-",N72="-"),"-",(N72-L72)*100/L72) -> - | O72: =IF(OR(N72="",P72="",N72="-",P72="-"),"-",(P72-N72)*100/N72) -> - | P72: 1.6 | Q72: =IF(OR(P72="",R72="",P72="-",R72="-"),"-",(R72-P72)*100/P72) -> 31.25 | R72: 2.1 | S72: =IF(OR(R72="",T72="",R72="-",T72="-"),"-",(T72-R72)*100/R72) -> - | U72: =IF(OR(T72="",V72="",T72="-",V72="-"),"-",(V72-T72)*100/T72) -> - | V72: 1.4 | W72: =IF(OR(V72="",X72="",V72="-",X72="-"),"-",(X72-V72)*100/V72) -> - | Y72: =IF(OR(X72="",Z72="",X72="-",Z72="-"),"-",(Z72-X72)*100/X72) -> - | AA72: =IF(OR(Z72="",AB72="",Z72="-",AB72="-"),"-",(AB72-Z72)*100/Z72) -> - | AC72: =IF(OR(AB72="",AD72="",AB72="-",AD72="-"),"-",(AD72-AB72)*100/AB72) -> - | AE72: =IF(OR(AD72="",AF72="",AD72="-",AF72="-"),"-",(AF72-AD72)*100/AD72) -> -
A73: G. C. Ant. do Br(mm) - p2 | C73: ='BD tratado'!D71 -> #NAME? | E73: =IF(OR(D73="",F73="",D73="-",F73="-"),"-",(F73-D73)*100/D73) -> - | G73: =IF(OR(F73="",H73="",F73="-",H73="-"),"-",(H73-F73)*100/F73) -> - | I73: =IF(OR(H73="",J73="",H73="-",J73="-"),"-",(J73-H73)*100/H73) -> - | K73: =IF(OR(J73="",L73="",J73="-",L73="-"),"-",(L73-J73)*100/J73) -> - | M73: =IF(OR(L73="",N73="",L73="-",N73="-"),"-",(N73-L73)*100/L73) -> - | O73: =IF(OR(N73="",P73="",N73="-",P73="-"),"-",(P73-N73)*100/N73) -> - | Q73: =IF(OR(P73="",R73="",P73="-",R73="-"),"-",(R73-P73)*100/P73) -> - | S73: =IF(OR(R73="",T73="",R73="-",T73="-"),"-",(T73-R73)*100/R73) -> - | U73: =IF(OR(T73="",V73="",T73="-",V73="-"),"-",(V73-T73)*100/T73) -> - | W73: =IF(OR(V73="",X73="",V73="-",X73="-"),"-",(X73-V73)*100/V73) -> - | Y73: =IF(OR(X73="",Z73="",X73="-",Z73="-"),"-",(Z73-X73)*100/X73) -> - | AA73: =IF(OR(Z73="",AB73="",Z73="-",AB73="-"),"-",(AB73-Z73)*100/Z73) -> - | AC73: =IF(OR(AB73="",AD73="",AB73="-",AD73="-"),"-",(AD73-AB73)*100/AB73) -> - | AE73: =IF(OR(AD73="",AF73="",AD73="-",AF73="-"),"-",(AF73-AD73)*100/AD73) -> -
A74: G. C. Ant. do Br(mm) - p3 | C74: ='BD tratado'!D72 -> #NAME? | E74: =IF(OR(D74="",F74="",D74="-",F74="-"),"-",(F74-D74)*100/D74) -> - | G74: =IF(OR(F74="",H74="",F74="-",H74="-"),"-",(H74-F74)*100/F74) -> - | I74: =IF(OR(H74="",J74="",H74="-",J74="-"),"-",(J74-H74)*100/H74) -> - | K74: =IF(OR(J74="",L74="",J74="-",L74="-"),"-",(L74-J74)*100/J74) -> - | M74: =IF(OR(L74="",N74="",L74="-",N74="-"),"-",(N74-L74)*100/L74) -> - | O74: =IF(OR(N74="",P74="",N74="-",P74="-"),"-",(P74-N74)*100/N74) -> - | Q74: =IF(OR(P74="",R74="",P74="-",R74="-"),"-",(R74-P74)*100/P74) -> - | S74: =IF(OR(R74="",T74="",R74="-",T74="-"),"-",(T74-R74)*100/R74) -> - | U74: =IF(OR(T74="",V74="",T74="-",V74="-"),"-",(V74-T74)*100/T74) -> - | W74: =IF(OR(V74="",X74="",V74="-",X74="-"),"-",(X74-V74)*100/V74) -> - | Y74: =IF(OR(X74="",Z74="",X74="-",Z74="-"),"-",(Z74-X74)*100/X74) -> - | AA74: =IF(OR(Z74="",AB74="",Z74="-",AB74="-"),"-",(AB74-Z74)*100/Z74) -> - | AC74: =IF(OR(AB74="",AD74="",AB74="-",AD74="-"),"-",(AD74-AB74)*100/AB74) -> - | AE74: =IF(OR(AD74="",AF74="",AD74="-",AF74="-"),"-",(AF74-AD74)*100/AD74) -> -
A75: G. C. Ant. do Br(mm) - p4 | C75: ='BD tratado'!D73 -> #NAME? | E75: =IF(OR(D75="",F75="",D75="-",F75="-"),"-",(F75-D75)*100/D75) -> - | G75: =IF(OR(F75="",H75="",F75="-",H75="-"),"-",(H75-F75)*100/F75) -> - | I75: =IF(OR(H75="",J75="",H75="-",J75="-"),"-",(J75-H75)*100/H75) -> - | K75: =IF(OR(J75="",L75="",J75="-",L75="-"),"-",(L75-J75)*100/J75) -> - | M75: =IF(OR(L75="",N75="",L75="-",N75="-"),"-",(N75-L75)*100/L75) -> - | O75: =IF(OR(N75="",P75="",N75="-",P75="-"),"-",(P75-N75)*100/N75) -> - | Q75: =IF(OR(P75="",R75="",P75="-",R75="-"),"-",(R75-P75)*100/P75) -> - | S75: =IF(OR(R75="",T75="",R75="-",T75="-"),"-",(T75-R75)*100/R75) -> - | U75: =IF(OR(T75="",V75="",T75="-",V75="-"),"-",(V75-T75)*100/T75) -> - | W75: =IF(OR(V75="",X75="",V75="-",X75="-"),"-",(X75-V75)*100/V75) -> - | Y75: =IF(OR(X75="",Z75="",X75="-",Z75="-"),"-",(Z75-X75)*100/X75) -> - | AA75: =IF(OR(Z75="",AB75="",Z75="-",AB75="-"),"-",(AB75-Z75)*100/Z75) -> - | AC75: =IF(OR(AB75="",AD75="",AB75="-",AD75="-"),"-",(AD75-AB75)*100/AB75) -> - | AE75: =IF(OR(AD75="",AF75="",AD75="-",AF75="-"),"-",(AF75-AD75)*100/AD75) -> -
A76: G. C. Ant. do Br(mm) - p5 | C76: ='BD tratado'!D74 -> #NAME? | E76: =IF(OR(D76="",F76="",D76="-",F76="-"),"-",(F76-D76)*100/D76) -> - | G76: =IF(OR(F76="",H76="",F76="-",H76="-"),"-",(H76-F76)*100/F76) -> - | I76: =IF(OR(H76="",J76="",H76="-",J76="-"),"-",(J76-H76)*100/H76) -> - | K76: =IF(OR(J76="",L76="",J76="-",L76="-"),"-",(L76-J76)*100/J76) -> - | M76: =IF(OR(L76="",N76="",L76="-",N76="-"),"-",(N76-L76)*100/L76) -> - | O76: =IF(OR(N76="",P76="",N76="-",P76="-"),"-",(P76-N76)*100/N76) -> - | Q76: =IF(OR(P76="",R76="",P76="-",R76="-"),"-",(R76-P76)*100/P76) -> - | S76: =IF(OR(R76="",T76="",R76="-",T76="-"),"-",(T76-R76)*100/R76) -> - | U76: =IF(OR(T76="",V76="",T76="-",V76="-"),"-",(V76-T76)*100/T76) -> - | W76: =IF(OR(V76="",X76="",V76="-",X76="-"),"-",(X76-V76)*100/V76) -> - | Y76: =IF(OR(X76="",Z76="",X76="-",Z76="-"),"-",(Z76-X76)*100/X76) -> - | AA76: =IF(OR(Z76="",AB76="",Z76="-",AB76="-"),"-",(AB76-Z76)*100/Z76) -> - | AC76: =IF(OR(AB76="",AD76="",AB76="-",AD76="-"),"-",(AD76-AB76)*100/AB76) -> - | AE76: =IF(OR(AD76="",AF76="",AD76="-",AF76="-"),"-",(AF76-AD76)*100/AD76) -> -
A77: G. C. Ant. do Br(mm) - p6 | C77: ='BD tratado'!D75 -> #NAME? | E77: =IF(OR(D77="",F77="",D77="-",F77="-"),"-",(F77-D77)*100/D77) -> - | G77: =IF(OR(F77="",H77="",F77="-",H77="-"),"-",(H77-F77)*100/F77) -> - | I77: =IF(OR(H77="",J77="",H77="-",J77="-"),"-",(J77-H77)*100/H77) -> - | K77: =IF(OR(J77="",L77="",J77="-",L77="-"),"-",(L77-J77)*100/J77) -> - | M77: =IF(OR(L77="",N77="",L77="-",N77="-"),"-",(N77-L77)*100/L77) -> - | O77: =IF(OR(N77="",P77="",N77="-",P77="-"),"-",(P77-N77)*100/N77) -> - | Q77: =IF(OR(P77="",R77="",P77="-",R77="-"),"-",(R77-P77)*100/P77) -> - | S77: =IF(OR(R77="",T77="",R77="-",T77="-"),"-",(T77-R77)*100/R77) -> - | U77: =IF(OR(T77="",V77="",T77="-",V77="-"),"-",(V77-T77)*100/T77) -> - | W77: =IF(OR(V77="",X77="",V77="-",X77="-"),"-",(X77-V77)*100/V77) -> - | Y77: =IF(OR(X77="",Z77="",X77="-",Z77="-"),"-",(Z77-X77)*100/X77) -> - | AA77: =IF(OR(Z77="",AB77="",Z77="-",AB77="-"),"-",(AB77-Z77)*100/Z77) -> - | AC77: =IF(OR(AB77="",AD77="",AB77="-",AD77="-"),"-",(AD77-AB77)*100/AB77) -> - | AE77: =IF(OR(AD77="",AF77="",AD77="-",AF77="-"),"-",(AF77-AD77)*100/AD77) -> -
A78: G. C. Ant. do Br(mm) - p7 | C78: ='BD tratado'!D76 -> #NAME? | E78: =IF(OR(D78="",F78="",D78="-",F78="-"),"-",(F78-D78)*100/D78) -> - | G78: =IF(OR(F78="",H78="",F78="-",H78="-"),"-",(H78-F78)*100/F78) -> - | I78: =IF(OR(H78="",J78="",H78="-",J78="-"),"-",(J78-H78)*100/H78) -> - | K78: =IF(OR(J78="",L78="",J78="-",L78="-"),"-",(L78-J78)*100/J78) -> - | M78: =IF(OR(L78="",N78="",L78="-",N78="-"),"-",(N78-L78)*100/L78) -> - | O78: =IF(OR(N78="",P78="",N78="-",P78="-"),"-",(P78-N78)*100/N78) -> - | Q78: =IF(OR(P78="",R78="",P78="-",R78="-"),"-",(R78-P78)*100/P78) -> - | S78: =IF(OR(R78="",T78="",R78="-",T78="-"),"-",(T78-R78)*100/R78) -> - | U78: =IF(OR(T78="",V78="",T78="-",V78="-"),"-",(V78-T78)*100/T78) -> - | W78: =IF(OR(V78="",X78="",V78="-",X78="-"),"-",(X78-V78)*100/V78) -> - | Y78: =IF(OR(X78="",Z78="",X78="-",Z78="-"),"-",(Z78-X78)*100/X78) -> - | AA78: =IF(OR(Z78="",AB78="",Z78="-",AB78="-"),"-",(AB78-Z78)*100/Z78) -> - | AC78: =IF(OR(AB78="",AD78="",AB78="-",AD78="-"),"-",(AD78-AB78)*100/AB78) -> - | AE78: =IF(OR(AD78="",AF78="",AD78="-",AF78="-"),"-",(AF78-AD78)*100/AD78) -> -
A79: G. C. Ant. do Br(mm) - p8 | C79: ='BD tratado'!D77 -> #NAME? | E79: =IF(OR(D79="",F79="",D79="-",F79="-"),"-",(F79-D79)*100/D79) -> - | G79: =IF(OR(F79="",H79="",F79="-",H79="-"),"-",(H79-F79)*100/F79) -> - | I79: =IF(OR(H79="",J79="",H79="-",J79="-"),"-",(J79-H79)*100/H79) -> - | K79: =IF(OR(J79="",L79="",J79="-",L79="-"),"-",(L79-J79)*100/J79) -> - | M79: =IF(OR(L79="",N79="",L79="-",N79="-"),"-",(N79-L79)*100/L79) -> - | O79: =IF(OR(N79="",P79="",N79="-",P79="-"),"-",(P79-N79)*100/N79) -> - | Q79: =IF(OR(P79="",R79="",P79="-",R79="-"),"-",(R79-P79)*100/P79) -> - | S79: =IF(OR(R79="",T79="",R79="-",T79="-"),"-",(T79-R79)*100/R79) -> - | U79: =IF(OR(T79="",V79="",T79="-",V79="-"),"-",(V79-T79)*100/T79) -> - | W79: =IF(OR(V79="",X79="",V79="-",X79="-"),"-",(X79-V79)*100/V79) -> - | Y79: =IF(OR(X79="",Z79="",X79="-",Z79="-"),"-",(Z79-X79)*100/X79) -> - | AA79: =IF(OR(Z79="",AB79="",Z79="-",AB79="-"),"-",(AB79-Z79)*100/Z79) -> - | AC79: =IF(OR(AB79="",AD79="",AB79="-",AD79="-"),"-",(AD79-AB79)*100/AB79) -> - | AE79: =IF(OR(AD79="",AF79="",AD79="-",AF79="-"),"-",(AF79-AD79)*100/AD79) -> -
A80: G. C. Ant. do Br(mm) - p9 | C80: ='BD tratado'!D78 -> #NAME? | E80: =IF(OR(D80="",F80="",D80="-",F80="-"),"-",(F80-D80)*100/D80) -> - | G80: =IF(OR(F80="",H80="",F80="-",H80="-"),"-",(H80-F80)*100/F80) -> - | I80: =IF(OR(H80="",J80="",H80="-",J80="-"),"-",(J80-H80)*100/H80) -> - | K80: =IF(OR(J80="",L80="",J80="-",L80="-"),"-",(L80-J80)*100/J80) -> - | M80: =IF(OR(L80="",N80="",L80="-",N80="-"),"-",(N80-L80)*100/L80) -> - | O80: =IF(OR(N80="",P80="",N80="-",P80="-"),"-",(P80-N80)*100/N80) -> - | Q80: =IF(OR(P80="",R80="",P80="-",R80="-"),"-",(R80-P80)*100/P80) -> - | S80: =IF(OR(R80="",T80="",R80="-",T80="-"),"-",(T80-R80)*100/R80) -> - | U80: =IF(OR(T80="",V80="",T80="-",V80="-"),"-",(V80-T80)*100/T80) -> - | W80: =IF(OR(V80="",X80="",V80="-",X80="-"),"-",(X80-V80)*100/V80) -> - | Y80: =IF(OR(X80="",Z80="",X80="-",Z80="-"),"-",(Z80-X80)*100/X80) -> - | AA80: =IF(OR(Z80="",AB80="",Z80="-",AB80="-"),"-",(AB80-Z80)*100/Z80) -> - | AC80: =IF(OR(AB80="",AD80="",AB80="-",AD80="-"),"-",(AD80-AB80)*100/AB80) -> - | AE80: =IF(OR(AD80="",AF80="",AD80="-",AF80="-"),"-",(AF80-AD80)*100/AD80) -> -
A81: Compartimento Anterior do Braço(mm) | C81: ='BD tratado'!D79 -> #NAME? | D81: =IF(D72,AVERAGE(D72:D80),"") -> 4.2 | E81: =IF(OR(D81="",F81="",D81="-",F81="-"),"-",(F81-D81)*100/D81) -> -16.666667 | F81: =IF(F72,AVERAGE(F72:F80),"") -> 3.5 | G81: =IF(OR(F81="",H81="",F81="-",H81="-"),"-",(H81-F81)*100/F81) -> -2.8571429 | H81: =IF(H72,AVERAGE(H72:H80),"") -> 3.4 | I81: =IF(OR(H81="",J81="",H81="-",J81="-"),"-",(J81-H81)*100/H81) -> 35.294118 | J81: =IF(J72,AVERAGE(J72:J80),"") -> 4.6 | K81: =IF(OR(J81="",L81="",J81="-",L81="-"),"-",(L81-J81)*100/J81) -> -4.3478261 | L81: =IF(L72,AVERAGE(L72:L80),"") -> 4.4 | M81: =IF(OR(L81="",N81="",L81="-",N81="-"),"-",(N81-L81)*100/L81) -> - | N81: =IF(N72,AVERAGE(N72:N80),"") | O81: =IF(OR(N81="",P81="",N81="-",P81="-"),"-",(P81-N81)*100/N81) -> - | P81: =IF(P72,AVERAGE(P72:P80),"") -> 1.6 | Q81: =IF(OR(P81="",R81="",P81="-",R81="-"),"-",(R81-P81)*100/P81) -> 31.25 | R81: =IF(R72,AVERAGE(R72:R80),"") -> 2.1 | S81: =IF(OR(R81="",T81="",R81="-",T81="-"),"-",(T81-R81)*100/R81) -> - | T81: =IF(T72,AVERAGE(T72:T80),"") | U81: =IF(OR(T81="",V81="",T81="-",V81="-"),"-",(V81-T81)*100/T81) -> - | V81: =IF(V72,AVERAGE(V72:V80),"") -> 1.4 | W81: =IF(OR(V81="",X81="",V81="-",X81="-"),"-",(X81-V81)*100/V81) -> - | X81: =IF(X72,AVERAGE(X72:X80),"") | Y81: =IF(OR(X81="",Z81="",X81="-",Z81="-"),"-",(Z81-X81)*100/X81) -> - | Z81: =IF(Z72,AVERAGE(Z72:Z80),"") | AA81: =IF(OR(Z81="",AB81="",Z81="-",AB81="-"),"-",(AB81-Z81)*100/Z81) -> - | AB81: =IF(AB72,AVERAGE(AB72:AB80),"") | AC81: =IF(OR(AB81="",AD81="",AB81="-",AD81="-"),"-",(AD81-AB81)*100/AB81) -> - | AD81: =IF(AD72,AVERAGE(AD72:AD80),"") | AE81: =IF(OR(AD81="",AF81="",AD81="-",AF81="-"),"-",(AF81-AD81)*100/AD81) -> - | AF81: =IF(AF72,AVERAGE(AF72:AF80),"")
A82: G. C. Post. do Br(mm) - p1 | C82: ='BD tratado'!D80 -> #NAME? | D82: 5.4 | E82: =IF(OR(D82="",F82="",D82="-",F82="-"),"-",(F82-D82)*100/D82) -> 16.666667 | F82: 6.3 | G82: =IF(OR(F82="",H82="",F82="-",H82="-"),"-",(H82-F82)*100/F82) -> -36.507937 | H82: 4 | I82: =IF(OR(H82="",J82="",H82="-",J82="-"),"-",(J82-H82)*100/H82) -> 7.5 | J82: 4.3 | K82: =IF(OR(J82="",L82="",J82="-",L82="-"),"-",(L82-J82)*100/J82) -> -6.9767442 | L82: 4 | M82: =IF(OR(L82="",N82="",L82="-",N82="-"),"-",(N82-L82)*100/L82) -> - | O82: =IF(OR(N82="",P82="",N82="-",P82="-"),"-",(P82-N82)*100/N82) -> - | P82: 1.8 | Q82: =IF(OR(P82="",R82="",P82="-",R82="-"),"-",(R82-P82)*100/P82) -> 77.777778 | R82: 3.2 | S82: =IF(OR(R82="",T82="",R82="-",T82="-"),"-",(T82-R82)*100/R82) -> - | U82: =IF(OR(T82="",V82="",T82="-",V82="-"),"-",(V82-T82)*100/T82) -> - | V82: 2 | W82: =IF(OR(V82="",X82="",V82="-",X82="-"),"-",(X82-V82)*100/V82) -> - | Y82: =IF(OR(X82="",Z82="",X82="-",Z82="-"),"-",(Z82-X82)*100/X82) -> - | AA82: =IF(OR(Z82="",AB82="",Z82="-",AB82="-"),"-",(AB82-Z82)*100/Z82) -> - | AC82: =IF(OR(AB82="",AD82="",AB82="-",AD82="-"),"-",(AD82-AB82)*100/AB82) -> - | AE82: =IF(OR(AD82="",AF82="",AD82="-",AF82="-"),"-",(AF82-AD82)*100/AD82) -> -
A83: G. C. Post. do Br(mm) - p2 | C83: ='BD tratado'!D81 -> #NAME? | E83: =IF(OR(D83="",F83="",D83="-",F83="-"),"-",(F83-D83)*100/D83) -> - | G83: =IF(OR(F83="",H83="",F83="-",H83="-"),"-",(H83-F83)*100/F83) -> - | I83: =IF(OR(H83="",J83="",H83="-",J83="-"),"-",(J83-H83)*100/H83) -> - | K83: =IF(OR(J83="",L83="",J83="-",L83="-"),"-",(L83-J83)*100/J83) -> - | M83: =IF(OR(L83="",N83="",L83="-",N83="-"),"-",(N83-L83)*100/L83) -> - | O83: =IF(OR(N83="",P83="",N83="-",P83="-"),"-",(P83-N83)*100/N83) -> - | Q83: =IF(OR(P83="",R83="",P83="-",R83="-"),"-",(R83-P83)*100/P83) -> - | S83: =IF(OR(R83="",T83="",R83="-",T83="-"),"-",(T83-R83)*100/R83) -> - | U83: =IF(OR(T83="",V83="",T83="-",V83="-"),"-",(V83-T83)*100/T83) -> - | W83: =IF(OR(V83="",X83="",V83="-",X83="-"),"-",(X83-V83)*100/V83) -> - | Y83: =IF(OR(X83="",Z83="",X83="-",Z83="-"),"-",(Z83-X83)*100/X83) -> - | AA83: =IF(OR(Z83="",AB83="",Z83="-",AB83="-"),"-",(AB83-Z83)*100/Z83) -> - | AC83: =IF(OR(AB83="",AD83="",AB83="-",AD83="-"),"-",(AD83-AB83)*100/AB83) -> - | AE83: =IF(OR(AD83="",AF83="",AD83="-",AF83="-"),"-",(AF83-AD83)*100/AD83) -> -
A84: G. C. Post. do Br(mm) - p3 | C84: ='BD tratado'!D82 -> #NAME? | E84: =IF(OR(D84="",F84="",D84="-",F84="-"),"-",(F84-D84)*100/D84) -> - | G84: =IF(OR(F84="",H84="",F84="-",H84="-"),"-",(H84-F84)*100/F84) -> - | I84: =IF(OR(H84="",J84="",H84="-",J84="-"),"-",(J84-H84)*100/H84) -> - | K84: =IF(OR(J84="",L84="",J84="-",L84="-"),"-",(L84-J84)*100/J84) -> - | M84: =IF(OR(L84="",N84="",L84="-",N84="-"),"-",(N84-L84)*100/L84) -> - | O84: =IF(OR(N84="",P84="",N84="-",P84="-"),"-",(P84-N84)*100/N84) -> - | Q84: =IF(OR(P84="",R84="",P84="-",R84="-"),"-",(R84-P84)*100/P84) -> - | S84: =IF(OR(R84="",T84="",R84="-",T84="-"),"-",(T84-R84)*100/R84) -> - | U84: =IF(OR(T84="",V84="",T84="-",V84="-"),"-",(V84-T84)*100/T84) -> - | W84: =IF(OR(V84="",X84="",V84="-",X84="-"),"-",(X84-V84)*100/V84) -> - | Y84: =IF(OR(X84="",Z84="",X84="-",Z84="-"),"-",(Z84-X84)*100/X84) -> - | AA84: =IF(OR(Z84="",AB84="",Z84="-",AB84="-"),"-",(AB84-Z84)*100/Z84) -> - | AC84: =IF(OR(AB84="",AD84="",AB84="-",AD84="-"),"-",(AD84-AB84)*100/AB84) -> - | AE84: =IF(OR(AD84="",AF84="",AD84="-",AF84="-"),"-",(AF84-AD84)*100/AD84) -> -
A85: G. C. Post. do Br(mm) - p4 | C85: ='BD tratado'!D83 -> #NAME? | E85: =IF(OR(D85="",F85="",D85="-",F85="-"),"-",(F85-D85)*100/D85) -> - | G85: =IF(OR(F85="",H85="",F85="-",H85="-"),"-",(H85-F85)*100/F85) -> - | I85: =IF(OR(H85="",J85="",H85="-",J85="-"),"-",(J85-H85)*100/H85) -> - | K85: =IF(OR(J85="",L85="",J85="-",L85="-"),"-",(L85-J85)*100/J85) -> - | M85: =IF(OR(L85="",N85="",L85="-",N85="-"),"-",(N85-L85)*100/L85) -> - | O85: =IF(OR(N85="",P85="",N85="-",P85="-"),"-",(P85-N85)*100/N85) -> - | Q85: =IF(OR(P85="",R85="",P85="-",R85="-"),"-",(R85-P85)*100/P85) -> - | S85: =IF(OR(R85="",T85="",R85="-",T85="-"),"-",(T85-R85)*100/R85) -> - | U85: =IF(OR(T85="",V85="",T85="-",V85="-"),"-",(V85-T85)*100/T85) -> - | W85: =IF(OR(V85="",X85="",V85="-",X85="-"),"-",(X85-V85)*100/V85) -> - | Y85: =IF(OR(X85="",Z85="",X85="-",Z85="-"),"-",(Z85-X85)*100/X85) -> - | AA85: =IF(OR(Z85="",AB85="",Z85="-",AB85="-"),"-",(AB85-Z85)*100/Z85) -> - | AC85: =IF(OR(AB85="",AD85="",AB85="-",AD85="-"),"-",(AD85-AB85)*100/AB85) -> - | AE85: =IF(OR(AD85="",AF85="",AD85="-",AF85="-"),"-",(AF85-AD85)*100/AD85) -> -
A86: G. C. Post. do Br(mm) - p5 | C86: ='BD tratado'!D84 -> #NAME? | E86: =IF(OR(D86="",F86="",D86="-",F86="-"),"-",(F86-D86)*100/D86) -> - | G86: =IF(OR(F86="",H86="",F86="-",H86="-"),"-",(H86-F86)*100/F86) -> - | I86: =IF(OR(H86="",J86="",H86="-",J86="-"),"-",(J86-H86)*100/H86) -> - | K86: =IF(OR(J86="",L86="",J86="-",L86="-"),"-",(L86-J86)*100/J86) -> - | M86: =IF(OR(L86="",N86="",L86="-",N86="-"),"-",(N86-L86)*100/L86) -> - | O86: =IF(OR(N86="",P86="",N86="-",P86="-"),"-",(P86-N86)*100/N86) -> - | Q86: =IF(OR(P86="",R86="",P86="-",R86="-"),"-",(R86-P86)*100/P86) -> - | S86: =IF(OR(R86="",T86="",R86="-",T86="-"),"-",(T86-R86)*100/R86) -> - | U86: =IF(OR(T86="",V86="",T86="-",V86="-"),"-",(V86-T86)*100/T86) -> - | W86: =IF(OR(V86="",X86="",V86="-",X86="-"),"-",(X86-V86)*100/V86) -> - | Y86: =IF(OR(X86="",Z86="",X86="-",Z86="-"),"-",(Z86-X86)*100/X86) -> - | AA86: =IF(OR(Z86="",AB86="",Z86="-",AB86="-"),"-",(AB86-Z86)*100/Z86) -> - | AC86: =IF(OR(AB86="",AD86="",AB86="-",AD86="-"),"-",(AD86-AB86)*100/AB86) -> - | AE86: =IF(OR(AD86="",AF86="",AD86="-",AF86="-"),"-",(AF86-AD86)*100/AD86) -> -
A87: G. C. Post. do Br(mm) - p6 | C87: ='BD tratado'!D85 -> #NAME? | E87: =IF(OR(D87="",F87="",D87="-",F87="-"),"-",(F87-D87)*100/D87) -> - | G87: =IF(OR(F87="",H87="",F87="-",H87="-"),"-",(H87-F87)*100/F87) -> - | I87: =IF(OR(H87="",J87="",H87="-",J87="-"),"-",(J87-H87)*100/H87) -> - | K87: =IF(OR(J87="",L87="",J87="-",L87="-"),"-",(L87-J87)*100/J87) -> - | M87: =IF(OR(L87="",N87="",L87="-",N87="-"),"-",(N87-L87)*100/L87) -> - | O87: =IF(OR(N87="",P87="",N87="-",P87="-"),"-",(P87-N87)*100/N87) -> - | Q87: =IF(OR(P87="",R87="",P87="-",R87="-"),"-",(R87-P87)*100/P87) -> - | S87: =IF(OR(R87="",T87="",R87="-",T87="-"),"-",(T87-R87)*100/R87) -> - | U87: =IF(OR(T87="",V87="",T87="-",V87="-"),"-",(V87-T87)*100/T87) -> - | W87: =IF(OR(V87="",X87="",V87="-",X87="-"),"-",(X87-V87)*100/V87) -> - | Y87: =IF(OR(X87="",Z87="",X87="-",Z87="-"),"-",(Z87-X87)*100/X87) -> - | AA87: =IF(OR(Z87="",AB87="",Z87="-",AB87="-"),"-",(AB87-Z87)*100/Z87) -> - | AC87: =IF(OR(AB87="",AD87="",AB87="-",AD87="-"),"-",(AD87-AB87)*100/AB87) -> - | AE87: =IF(OR(AD87="",AF87="",AD87="-",AF87="-"),"-",(AF87-AD87)*100/AD87) -> -
A88: G. C. Post. do Br(mm) - p7 | C88: ='BD tratado'!D86 -> #NAME? | E88: =IF(OR(D88="",F88="",D88="-",F88="-"),"-",(F88-D88)*100/D88) -> - | G88: =IF(OR(F88="",H88="",F88="-",H88="-"),"-",(H88-F88)*100/F88) -> - | I88: =IF(OR(H88="",J88="",H88="-",J88="-"),"-",(J88-H88)*100/H88) -> - | K88: =IF(OR(J88="",L88="",J88="-",L88="-"),"-",(L88-J88)*100/J88) -> - | M88: =IF(OR(L88="",N88="",L88="-",N88="-"),"-",(N88-L88)*100/L88) -> - | O88: =IF(OR(N88="",P88="",N88="-",P88="-"),"-",(P88-N88)*100/N88) -> - | Q88: =IF(OR(P88="",R88="",P88="-",R88="-"),"-",(R88-P88)*100/P88) -> - | S88: =IF(OR(R88="",T88="",R88="-",T88="-"),"-",(T88-R88)*100/R88) -> - | U88: =IF(OR(T88="",V88="",T88="-",V88="-"),"-",(V88-T88)*100/T88) -> - | W88: =IF(OR(V88="",X88="",V88="-",X88="-"),"-",(X88-V88)*100/V88) -> - | Y88: =IF(OR(X88="",Z88="",X88="-",Z88="-"),"-",(Z88-X88)*100/X88) -> - | AA88: =IF(OR(Z88="",AB88="",Z88="-",AB88="-"),"-",(AB88-Z88)*100/Z88) -> - | AC88: =IF(OR(AB88="",AD88="",AB88="-",AD88="-"),"-",(AD88-AB88)*100/AB88) -> - | AE88: =IF(OR(AD88="",AF88="",AD88="-",AF88="-"),"-",(AF88-AD88)*100/AD88) -> -
A89: G. C. Post. do Br(mm) - p8 | C89: ='BD tratado'!D87 -> #NAME? | E89: =IF(OR(D89="",F89="",D89="-",F89="-"),"-",(F89-D89)*100/D89) -> - | G89: =IF(OR(F89="",H89="",F89="-",H89="-"),"-",(H89-F89)*100/F89) -> - | I89: =IF(OR(H89="",J89="",H89="-",J89="-"),"-",(J89-H89)*100/H89) -> - | K89: =IF(OR(J89="",L89="",J89="-",L89="-"),"-",(L89-J89)*100/J89) -> - | M89: =IF(OR(L89="",N89="",L89="-",N89="-"),"-",(N89-L89)*100/L89) -> - | O89: =IF(OR(N89="",P89="",N89="-",P89="-"),"-",(P89-N89)*100/N89) -> - | Q89: =IF(OR(P89="",R89="",P89="-",R89="-"),"-",(R89-P89)*100/P89) -> - | S89: =IF(OR(R89="",T89="",R89="-",T89="-"),"-",(T89-R89)*100/R89) -> - | U89: =IF(OR(T89="",V89="",T89="-",V89="-"),"-",(V89-T89)*100/T89) -> - | W89: =IF(OR(V89="",X89="",V89="-",X89="-"),"-",(X89-V89)*100/V89) -> - | Y89: =IF(OR(X89="",Z89="",X89="-",Z89="-"),"-",(Z89-X89)*100/X89) -> - | AA89: =IF(OR(Z89="",AB89="",Z89="-",AB89="-"),"-",(AB89-Z89)*100/Z89) -> - | AC89: =IF(OR(AB89="",AD89="",AB89="-",AD89="-"),"-",(AD89-AB89)*100/AB89) -> - | AE89: =IF(OR(AD89="",AF89="",AD89="-",AF89="-"),"-",(AF89-AD89)*100/AD89) -> -
A90: G. C. Post. do Br(mm) - p9 | C90: ='BD tratado'!D88 -> #NAME? | E90: =IF(OR(D90="",F90="",D90="-",F90="-"),"-",(F90-D90)*100/D90) -> - | G90: =IF(OR(F90="",H90="",F90="-",H90="-"),"-",(H90-F90)*100/F90) -> - | I90: =IF(OR(H90="",J90="",H90="-",J90="-"),"-",(J90-H90)*100/H90) -> - | K90: =IF(OR(J90="",L90="",J90="-",L90="-"),"-",(L90-J90)*100/J90) -> - | M90: =IF(OR(L90="",N90="",L90="-",N90="-"),"-",(N90-L90)*100/L90) -> - | O90: =IF(OR(N90="",P90="",N90="-",P90="-"),"-",(P90-N90)*100/N90) -> - | Q90: =IF(OR(P90="",R90="",P90="-",R90="-"),"-",(R90-P90)*100/P90) -> - | S90: =IF(OR(R90="",T90="",R90="-",T90="-"),"-",(T90-R90)*100/R90) -> - | U90: =IF(OR(T90="",V90="",T90="-",V90="-"),"-",(V90-T90)*100/T90) -> - | W90: =IF(OR(V90="",X90="",V90="-",X90="-"),"-",(X90-V90)*100/V90) -> - | Y90: =IF(OR(X90="",Z90="",X90="-",Z90="-"),"-",(Z90-X90)*100/X90) -> - | AA90: =IF(OR(Z90="",AB90="",Z90="-",AB90="-"),"-",(AB90-Z90)*100/Z90) -> - | AC90: =IF(OR(AB90="",AD90="",AB90="-",AD90="-"),"-",(AD90-AB90)*100/AB90) -> - | AE90: =IF(OR(AD90="",AF90="",AD90="-",AF90="-"),"-",(AF90-AD90)*100/AD90) -> -
A91: Compartimento Posterior do Braço(mm) | C91: ='BD tratado'!D89 -> #NAME? | D91: =IF(D82,AVERAGE(D82:D90),"") -> 5.4 | E91: =IF(OR(D91="",F91="",D91="-",F91="-"),"-",(F91-D91)*100/D91) -> 16.666667 | F91: =IF(F82,AVERAGE(F82:F90),"") -> 6.3 | G91: =IF(OR(F91="",H91="",F91="-",H91="-"),"-",(H91-F91)*100/F91) -> -36.507937 | H91: =IF(H82,AVERAGE(H82:H90),"") -> 4 | I91: =IF(OR(H91="",J91="",H91="-",J91="-"),"-",(J91-H91)*100/H91) -> 7.5 | J91: =IF(J82,AVERAGE(J82:J90),"") -> 4.3 | K91: =IF(OR(J91="",L91="",J91="-",L91="-"),"-",(L91-J91)*100/J91) -> -6.9767442 | L91: =IF(L82,AVERAGE(L82:L90),"") -> 4 | M91: =IF(OR(L91="",N91="",L91="-",N91="-"),"-",(N91-L91)*100/L91) -> - | N91: =IF(N82,AVERAGE(N82:N90),"") | O91: =IF(OR(N91="",P91="",N91="-",P91="-"),"-",(P91-N91)*100/N91) -> - | P91: =IF(P82,AVERAGE(P82:P90),"") -> 1.8 | Q91: =IF(OR(P91="",R91="",P91="-",R91="-"),"-",(R91-P91)*100/P91) -> 77.777778 | R91: =IF(R82,AVERAGE(R82:R90),"") -> 3.2 | S91: =IF(OR(R91="",T91="",R91="-",T91="-"),"-",(T91-R91)*100/R91) -> - | T91: =IF(T82,AVERAGE(T82:T90),"") | U91: =IF(OR(T91="",V91="",T91="-",V91="-"),"-",(V91-T91)*100/T91) -> - | V91: =IF(V82,AVERAGE(V82:V90),"") -> 2 | W91: =IF(OR(V91="",X91="",V91="-",X91="-"),"-",(X91-V91)*100/V91) -> - | X91: =IF(X82,AVERAGE(X82:X90),"") | Y91: =IF(OR(X91="",Z91="",X91="-",Z91="-"),"-",(Z91-X91)*100/X91) -> - | Z91: =IF(Z82,AVERAGE(Z82:Z90),"") | AA91: =IF(OR(Z91="",AB91="",Z91="-",AB91="-"),"-",(AB91-Z91)*100/Z91) -> - | AB91: =IF(AB82,AVERAGE(AB82:AB90),"") | AC91: =IF(OR(AB91="",AD91="",AB91="-",AD91="-"),"-",(AD91-AB91)*100/AB91) -> - | AD91: =IF(AD82,AVERAGE(AD82:AD90),"") | AE91: =IF(OR(AD91="",AF91="",AD91="-",AF91="-"),"-",(AF91-AD91)*100/AD91) -> - | AF91: =IF(AF82,AVERAGE(AF82:AF90),"")
A92: G. C. Ant. da Coxa(mm) - p1 | C92: ='BD tratado'!D90 -> #NAME? | D92: 5.8 | E92: =IF(OR(D92="",F92="",D92="-",F92="-"),"-",(F92-D92)*100/D92) -> -5.1724138 | F92: 5.5 | G92: =IF(OR(F92="",H92="",F92="-",H92="-"),"-",(H92-F92)*100/F92) -> -23.636364 | H92: 4.2 | I92: =IF(OR(H92="",J92="",H92="-",J92="-"),"-",(J92-H92)*100/H92) -> -14.285714 | J92: 3.6 | K92: =IF(OR(J92="",L92="",J92="-",L92="-"),"-",(L92-J92)*100/J92) -> 0 | L92: 3.6 | M92: =IF(OR(L92="",N92="",L92="-",N92="-"),"-",(N92-L92)*100/L92) -> - | O92: =IF(OR(N92="",P92="",N92="-",P92="-"),"-",(P92-N92)*100/N92) -> - | P92: 3.6 | Q92: =IF(OR(P92="",R92="",P92="-",R92="-"),"-",(R92-P92)*100/P92) -> 8.3333333 | R92: 3.9 | S92: =IF(OR(R92="",T92="",R92="-",T92="-"),"-",(T92-R92)*100/R92) -> - | U92: =IF(OR(T92="",V92="",T92="-",V92="-"),"-",(V92-T92)*100/T92) -> - | V92: 3.6 | W92: =IF(OR(V92="",X92="",V92="-",X92="-"),"-",(X92-V92)*100/V92) -> - | Y92: =IF(OR(X92="",Z92="",X92="-",Z92="-"),"-",(Z92-X92)*100/X92) -> - | AA92: =IF(OR(Z92="",AB92="",Z92="-",AB92="-"),"-",(AB92-Z92)*100/Z92) -> - | AC92: =IF(OR(AB92="",AD92="",AB92="-",AD92="-"),"-",(AD92-AB92)*100/AB92) -> - | AE92: =IF(OR(AD92="",AF92="",AD92="-",AF92="-"),"-",(AF92-AD92)*100/AD92) -> -
A93: G. C. Ant. da Coxa(mm) - p2 | C93: ='BD tratado'!D91 -> #NAME? | E93: =IF(OR(D93="",F93="",D93="-",F93="-"),"-",(F93-D93)*100/D93) -> - | G93: =IF(OR(F93="",H93="",F93="-",H93="-"),"-",(H93-F93)*100/F93) -> - | I93: =IF(OR(H93="",J93="",H93="-",J93="-"),"-",(J93-H93)*100/H93) -> - | K93: =IF(OR(J93="",L93="",J93="-",L93="-"),"-",(L93-J93)*100/J93) -> - | M93: =IF(OR(L93="",N93="",L93="-",N93="-"),"-",(N93-L93)*100/L93) -> - | O93: =IF(OR(N93="",P93="",N93="-",P93="-"),"-",(P93-N93)*100/N93) -> - | Q93: =IF(OR(P93="",R93="",P93="-",R93="-"),"-",(R93-P93)*100/P93) -> - | S93: =IF(OR(R93="",T93="",R93="-",T93="-"),"-",(T93-R93)*100/R93) -> - | U93: =IF(OR(T93="",V93="",T93="-",V93="-"),"-",(V93-T93)*100/T93) -> - | W93: =IF(OR(V93="",X93="",V93="-",X93="-"),"-",(X93-V93)*100/V93) -> - | Y93: =IF(OR(X93="",Z93="",X93="-",Z93="-"),"-",(Z93-X93)*100/X93) -> - | AA93: =IF(OR(Z93="",AB93="",Z93="-",AB93="-"),"-",(AB93-Z93)*100/Z93) -> - | AC93: =IF(OR(AB93="",AD93="",AB93="-",AD93="-"),"-",(AD93-AB93)*100/AB93) -> - | AE93: =IF(OR(AD93="",AF93="",AD93="-",AF93="-"),"-",(AF93-AD93)*100/AD93) -> -
A94: G. C. Ant. da Coxa(mm) - p3 | C94: ='BD tratado'!D92 -> #NAME? | E94: =IF(OR(D94="",F94="",D94="-",F94="-"),"-",(F94-D94)*100/D94) -> - | G94: =IF(OR(F94="",H94="",F94="-",H94="-"),"-",(H94-F94)*100/F94) -> - | I94: =IF(OR(H94="",J94="",H94="-",J94="-"),"-",(J94-H94)*100/H94) -> - | K94: =IF(OR(J94="",L94="",J94="-",L94="-"),"-",(L94-J94)*100/J94) -> - | M94: =IF(OR(L94="",N94="",L94="-",N94="-"),"-",(N94-L94)*100/L94) -> - | O94: =IF(OR(N94="",P94="",N94="-",P94="-"),"-",(P94-N94)*100/N94) -> - | Q94: =IF(OR(P94="",R94="",P94="-",R94="-"),"-",(R94-P94)*100/P94) -> - | S94: =IF(OR(R94="",T94="",R94="-",T94="-"),"-",(T94-R94)*100/R94) -> - | U94: =IF(OR(T94="",V94="",T94="-",V94="-"),"-",(V94-T94)*100/T94) -> - | W94: =IF(OR(V94="",X94="",V94="-",X94="-"),"-",(X94-V94)*100/V94) -> - | Y94: =IF(OR(X94="",Z94="",X94="-",Z94="-"),"-",(Z94-X94)*100/X94) -> - | AA94: =IF(OR(Z94="",AB94="",Z94="-",AB94="-"),"-",(AB94-Z94)*100/Z94) -> - | AC94: =IF(OR(AB94="",AD94="",AB94="-",AD94="-"),"-",(AD94-AB94)*100/AB94) -> - | AE94: =IF(OR(AD94="",AF94="",AD94="-",AF94="-"),"-",(AF94-AD94)*100/AD94) -> -
A95: G. C. Ant. da Coxa(mm) - p4 | C95: ='BD tratado'!D93 -> #NAME? | E95: =IF(OR(D95="",F95="",D95="-",F95="-"),"-",(F95-D95)*100/D95) -> - | G95: =IF(OR(F95="",H95="",F95="-",H95="-"),"-",(H95-F95)*100/F95) -> - | I95: =IF(OR(H95="",J95="",H95="-",J95="-"),"-",(J95-H95)*100/H95) -> - | K95: =IF(OR(J95="",L95="",J95="-",L95="-"),"-",(L95-J95)*100/J95) -> - | M95: =IF(OR(L95="",N95="",L95="-",N95="-"),"-",(N95-L95)*100/L95) -> - | O95: =IF(OR(N95="",P95="",N95="-",P95="-"),"-",(P95-N95)*100/N95) -> - | Q95: =IF(OR(P95="",R95="",P95="-",R95="-"),"-",(R95-P95)*100/P95) -> - | S95: =IF(OR(R95="",T95="",R95="-",T95="-"),"-",(T95-R95)*100/R95) -> - | U95: =IF(OR(T95="",V95="",T95="-",V95="-"),"-",(V95-T95)*100/T95) -> - | W95: =IF(OR(V95="",X95="",V95="-",X95="-"),"-",(X95-V95)*100/V95) -> - | Y95: =IF(OR(X95="",Z95="",X95="-",Z95="-"),"-",(Z95-X95)*100/X95) -> - | AA95: =IF(OR(Z95="",AB95="",Z95="-",AB95="-"),"-",(AB95-Z95)*100/Z95) -> - | AC95: =IF(OR(AB95="",AD95="",AB95="-",AD95="-"),"-",(AD95-AB95)*100/AB95) -> - | AE95: =IF(OR(AD95="",AF95="",AD95="-",AF95="-"),"-",(AF95-AD95)*100/AD95) -> -
A96: G. C. Ant. da Coxa(mm) - p5 | C96: ='BD tratado'!D94 -> #NAME? | E96: =IF(OR(D96="",F96="",D96="-",F96="-"),"-",(F96-D96)*100/D96) -> - | G96: =IF(OR(F96="",H96="",F96="-",H96="-"),"-",(H96-F96)*100/F96) -> - | I96: =IF(OR(H96="",J96="",H96="-",J96="-"),"-",(J96-H96)*100/H96) -> - | K96: =IF(OR(J96="",L96="",J96="-",L96="-"),"-",(L96-J96)*100/J96) -> - | M96: =IF(OR(L96="",N96="",L96="-",N96="-"),"-",(N96-L96)*100/L96) -> - | O96: =IF(OR(N96="",P96="",N96="-",P96="-"),"-",(P96-N96)*100/N96) -> - | Q96: =IF(OR(P96="",R96="",P96="-",R96="-"),"-",(R96-P96)*100/P96) -> - | S96: =IF(OR(R96="",T96="",R96="-",T96="-"),"-",(T96-R96)*100/R96) -> - | U96: =IF(OR(T96="",V96="",T96="-",V96="-"),"-",(V96-T96)*100/T96) -> - | W96: =IF(OR(V96="",X96="",V96="-",X96="-"),"-",(X96-V96)*100/V96) -> - | Y96: =IF(OR(X96="",Z96="",X96="-",Z96="-"),"-",(Z96-X96)*100/X96) -> - | AA96: =IF(OR(Z96="",AB96="",Z96="-",AB96="-"),"-",(AB96-Z96)*100/Z96) -> - | AC96: =IF(OR(AB96="",AD96="",AB96="-",AD96="-"),"-",(AD96-AB96)*100/AB96) -> - | AE96: =IF(OR(AD96="",AF96="",AD96="-",AF96="-"),"-",(AF96-AD96)*100/AD96) -> -
A97: G. C. Ant. da Coxa(mm) - p6 | C97: ='BD tratado'!D95 -> #NAME? | E97: =IF(OR(D97="",F97="",D97="-",F97="-"),"-",(F97-D97)*100/D97) -> - | G97: =IF(OR(F97="",H97="",F97="-",H97="-"),"-",(H97-F97)*100/F97) -> - | I97: =IF(OR(H97="",J97="",H97="-",J97="-"),"-",(J97-H97)*100/H97) -> - | K97: =IF(OR(J97="",L97="",J97="-",L97="-"),"-",(L97-J97)*100/J97) -> - | M97: =IF(OR(L97="",N97="",L97="-",N97="-"),"-",(N97-L97)*100/L97) -> - | O97: =IF(OR(N97="",P97="",N97="-",P97="-"),"-",(P97-N97)*100/N97) -> - | Q97: =IF(OR(P97="",R97="",P97="-",R97="-"),"-",(R97-P97)*100/P97) -> - | S97: =IF(OR(R97="",T97="",R97="-",T97="-"),"-",(T97-R97)*100/R97) -> - | U97: =IF(OR(T97="",V97="",T97="-",V97="-"),"-",(V97-T97)*100/T97) -> - | W97: =IF(OR(V97="",X97="",V97="-",X97="-"),"-",(X97-V97)*100/V97) -> - | Y97: =IF(OR(X97="",Z97="",X97="-",Z97="-"),"-",(Z97-X97)*100/X97) -> - | AA97: =IF(OR(Z97="",AB97="",Z97="-",AB97="-"),"-",(AB97-Z97)*100/Z97) -> - | AC97: =IF(OR(AB97="",AD97="",AB97="-",AD97="-"),"-",(AD97-AB97)*100/AB97) -> - | AE97: =IF(OR(AD97="",AF97="",AD97="-",AF97="-"),"-",(AF97-AD97)*100/AD97) -> -
A98: G. C. Ant. da Coxa(mm) - p7 | C98: ='BD tratado'!D96 -> #NAME? | E98: =IF(OR(D98="",F98="",D98="-",F98="-"),"-",(F98-D98)*100/D98) -> - | G98: =IF(OR(F98="",H98="",F98="-",H98="-"),"-",(H98-F98)*100/F98) -> - | I98: =IF(OR(H98="",J98="",H98="-",J98="-"),"-",(J98-H98)*100/H98) -> - | K98: =IF(OR(J98="",L98="",J98="-",L98="-"),"-",(L98-J98)*100/J98) -> - | M98: =IF(OR(L98="",N98="",L98="-",N98="-"),"-",(N98-L98)*100/L98) -> - | O98: =IF(OR(N98="",P98="",N98="-",P98="-"),"-",(P98-N98)*100/N98) -> - | Q98: =IF(OR(P98="",R98="",P98="-",R98="-"),"-",(R98-P98)*100/P98) -> - | S98: =IF(OR(R98="",T98="",R98="-",T98="-"),"-",(T98-R98)*100/R98) -> - | U98: =IF(OR(T98="",V98="",T98="-",V98="-"),"-",(V98-T98)*100/T98) -> - | W98: =IF(OR(V98="",X98="",V98="-",X98="-"),"-",(X98-V98)*100/V98) -> - | Y98: =IF(OR(X98="",Z98="",X98="-",Z98="-"),"-",(Z98-X98)*100/X98) -> - | AA98: =IF(OR(Z98="",AB98="",Z98="-",AB98="-"),"-",(AB98-Z98)*100/Z98) -> - | AC98: =IF(OR(AB98="",AD98="",AB98="-",AD98="-"),"-",(AD98-AB98)*100/AB98) -> - | AE98: =IF(OR(AD98="",AF98="",AD98="-",AF98="-"),"-",(AF98-AD98)*100/AD98) -> -
A99: G. C. Ant. da Coxa(mm) - p8 | C99: ='BD tratado'!D97 -> #NAME? | E99: =IF(OR(D99="",F99="",D99="-",F99="-"),"-",(F99-D99)*100/D99) -> - | G99: =IF(OR(F99="",H99="",F99="-",H99="-"),"-",(H99-F99)*100/F99) -> - | I99: =IF(OR(H99="",J99="",H99="-",J99="-"),"-",(J99-H99)*100/H99) -> - | K99: =IF(OR(J99="",L99="",J99="-",L99="-"),"-",(L99-J99)*100/J99) -> - | M99: =IF(OR(L99="",N99="",L99="-",N99="-"),"-",(N99-L99)*100/L99) -> - | O99: =IF(OR(N99="",P99="",N99="-",P99="-"),"-",(P99-N99)*100/N99) -> - | Q99: =IF(OR(P99="",R99="",P99="-",R99="-"),"-",(R99-P99)*100/P99) -> - | S99: =IF(OR(R99="",T99="",R99="-",T99="-"),"-",(T99-R99)*100/R99) -> - | U99: =IF(OR(T99="",V99="",T99="-",V99="-"),"-",(V99-T99)*100/T99) -> - | W99: =IF(OR(V99="",X99="",V99="-",X99="-"),"-",(X99-V99)*100/V99) -> - | Y99: =IF(OR(X99="",Z99="",X99="-",Z99="-"),"-",(Z99-X99)*100/X99) -> - | AA99: =IF(OR(Z99="",AB99="",Z99="-",AB99="-"),"-",(AB99-Z99)*100/Z99) -> - | AC99: =IF(OR(AB99="",AD99="",AB99="-",AD99="-"),"-",(AD99-AB99)*100/AB99) -> - | AE99: =IF(OR(AD99="",AF99="",AD99="-",AF99="-"),"-",(AF99-AD99)*100/AD99) -> -
A100: G. C. Ant. da Coxa(mm) - p9 | C100: ='BD tratado'!D98 -> #NAME? | E100: =IF(OR(D100="",F100="",D100="-",F100="-"),"-",(F100-D100)*100/D100) -> - | G100: =IF(OR(F100="",H100="",F100="-",H100="-"),"-",(H100-F100)*100/F100) -> - | I100: =IF(OR(H100="",J100="",H100="-",J100="-"),"-",(J100-H100)*100/H100) -> - | K100: =IF(OR(J100="",L100="",J100="-",L100="-"),"-",(L100-J100)*100/J100) -> - | M100: =IF(OR(L100="",N100="",L100="-",N100="-"),"-",(N100-L100)*100/L100) -> - | O100: =IF(OR(N100="",P100="",N100="-",P100="-"),"-",(P100-N100)*100/N100) -> - | Q100: =IF(OR(P100="",R100="",P100="-",R100="-"),"-",(R100-P100)*100/P100) -> - | S100: =IF(OR(R100="",T100="",R100="-",T100="-"),"-",(T100-R100)*100/R100) -> - | U100: =IF(OR(T100="",V100="",T100="-",V100="-"),"-",(V100-T100)*100/T100) -> - | W100: =IF(OR(V100="",X100="",V100="-",X100="-"),"-",(X100-V100)*100/V100) -> - | Y100: =IF(OR(X100="",Z100="",X100="-",Z100="-"),"-",(Z100-X100)*100/X100) -> - | AA100: =IF(OR(Z100="",AB100="",Z100="-",AB100="-"),"-",(AB100-Z100)*100/Z100) -> - | AC100: =IF(OR(AB100="",AD100="",AB100="-",AD100="-"),"-",(AD100-AB100)*100/AB100) -> - | AE100: =IF(OR(AD100="",AF100="",AD100="-",AF100="-"),"-",(AF100-AD100)*100/AD100) -> -
A101: Compartimento Anterior da Coxa(mm) | C101: ='BD tratado'!D99 -> #NAME? | D101: =IF(D92,AVERAGE(D92:D100),"") -> 5.8 | E101: =IF(OR(D101="",F101="",D101="-",F101="-"),"-",(F101-D101)*100/D101) -> -5.1724138 | F101: =IF(F92,AVERAGE(F92:F100),"") -> 5.5 | G101: =IF(OR(F101="",H101="",F101="-",H101="-"),"-",(H101-F101)*100/F101) -> -23.636364 | H101: =IF(H92,AVERAGE(H92:H100),"") -> 4.2 | I101: =IF(OR(H101="",J101="",H101="-",J101="-"),"-",(J101-H101)*100/H101) -> -14.285714 | J101: =IF(J92,AVERAGE(J92:J100),"") -> 3.6 | K101: =IF(OR(J101="",L101="",J101="-",L101="-"),"-",(L101-J101)*100/J101) -> 0 | L101: =IF(L92,AVERAGE(L92:L100),"") -> 3.6 | M101: =IF(OR(L101="",N101="",L101="-",N101="-"),"-",(N101-L101)*100/L101) -> - | N101: =IF(N92,AVERAGE(N92:N100),"") | O101: =IF(OR(N101="",P101="",N101="-",P101="-"),"-",(P101-N101)*100/N101) -> - | P101: =IF(P92,AVERAGE(P92:P100),"") -> 3.6 | Q101: =IF(OR(P101="",R101="",P101="-",R101="-"),"-",(R101-P101)*100/P101) -> 8.3333333 | R101: =IF(R92,AVERAGE(R92:R100),"") -> 3.9 | S101: =IF(OR(R101="",T101="",R101="-",T101="-"),"-",(T101-R101)*100/R101) -> - | T101: =IF(T92,AVERAGE(T92:T100),"") | U101: =IF(OR(T101="",V101="",T101="-",V101="-"),"-",(V101-T101)*100/T101) -> - | V101: =IF(V92,AVERAGE(V92:V100),"") -> 3.6 | W101: =IF(OR(V101="",X101="",V101="-",X101="-"),"-",(X101-V101)*100/V101) -> - | X101: =IF(X92,AVERAGE(X92:X100),"") | Y101: =IF(OR(X101="",Z101="",X101="-",Z101="-"),"-",(Z101-X101)*100/X101) -> - | Z101: =IF(Z92,AVERAGE(Z92:Z100),"") | AA101: =IF(OR(Z101="",AB101="",Z101="-",AB101="-"),"-",(AB101-Z101)*100/Z101) -> - | AB101: =IF(AB92,AVERAGE(AB92:AB100),"") | AC101: =IF(OR(AB101="",AD101="",AB101="-",AD101="-"),"-",(AD101-AB101)*100/AB101) -> - | AD101: =IF(AD92,AVERAGE(AD92:AD100),"") | AE101: =IF(OR(AD101="",AF101="",AD101="-",AF101="-"),"-",(AF101-AD101)*100/AD101) -> - | AF101: =IF(AF92,AVERAGE(AF92:AF100),"")
...

Sheet Meta calórica
A1: Nome | C1: =Avaliação!B1 -> Claudinei Rogério Gasparoto
A3: Composição Corporal Meta Etapa
A4: Av10 | F4: Valor Atual | I4: Meta Proposta | O4: △%
A5: =OFFSET(BD!$A$2,,MATCH(A4,BD!$B$1:$P$1,0)) -> 45938 | I5: MÍN | L5: MÁX
A6: % Gordura | F6: =OFFSET(BD!$A31,0,MATCH($A$4,BD!$B$1:$P$1,0)) -> 6.8975809 | I6: 7 | L6: 8 | O6: =(((L6+I6)/2)-F6)/F6*100 -> 8.7337739
A7: Gordura Absoluta(kg) | F7: =OFFSET(BD!$A32,0,MATCH($A$4,BD!$B$1:$P$1,0)) -> 4.7317405 | I7: =I6*$I$10/100 -> 4.7795699 | L7: =L6*$I$10/100 -> 5.4623656 | O7: =(((L7+I7)/2)-F7)/F7*100 -> 8.2258792
A8: Massa Magra(kg) | F8: =OFFSET(BD!$A33,0,MATCH($A$4,BD!$B$1:$P$1,0)) -> 63.86826 | I8: 63.5 | L8: 64.5 | O8: =(((L8+I8)/2)-F8)/F8*100 -> 0.2062691
A9: Nível de Gordura Visceral (ua; bioimpedância) | F9: =OFFSET(BD!$A35,0,MATCH($A$4,BD!$B$1:$P$1,0)) -> 8 | I9: 7 | L9: 8 | O9: =(((L9+I9)/2)-F9)/F9*100 -> -6.25
A10: Peso Corporal Total (kg) | F10: =OFFSET(BD!$A8,0,MATCH($A$4,BD!$B$1:$P$1,0)) -> 68.6 | I10: =I8/(1-(I6/100)) -> 68.27957 | L10: =L8/(1-(L6/100)) -> 70.108696 | O10: =(((L10+I10)/2)-F10)/F10*100 -> 0.86608276
A11: Variação máxima de peso saudável (kg) | I11: =IF(Avaliação!$K$1="Masculino",I8/0.9,I8/0.8) -> 70.555556 | L11: =IF(Avaliação!$K$1="Masculino",I8/0.78,I8/0.68) -> 81.410256
J13: Metas:
J15: =IF(I8>F8," ● Desenvolver a ","● Manutenção da ")&"massa magra entre "&ROUND(I8-F8,1)&" e "&ROUND(L8-F8,1)&" kg (~"&ROUND(O8,1)&IF(O8>0,"%▲)","%▼)") -> ● Manutenção da massa magra entre -0,4 e 0,6 kg (~0,2%▲)
J17: =IF(O7<0," ● Reduzir ","● Manter ")&"a gordura absoluta entre "&ABS(ROUND((L7-F7),1))&" e "&ROUND((I7-F7)*-1,1)&" kg (~"&ABS(ROUND(O7,1))&IF(O7<0,"%▼)","%▲)") -> ● Manter a gordura absoluta entre 0,7 e 0 kg (~8,2%▲)
J19: =" Dessa forma, seu percentual de gordura atingirá entre "&I6&" e "&L6&"% (~"&ABS(ROUND(O6,1))&IF(O6<0,"%▼)","%▲)") -> Dessa forma, seu percentual de gordura atingirá entre 7 e 8% (~8,7%▲)
A41: Estudo Calórico Atual
A42: Taxa Metabólica Basal (Haris Benedict; kcal) | F42: ='BD tratado'!C37 -> 1530.441 | I42: Taxa Metabólica Média (kcal) | N42: ='BD tratado'!C38 -> #VALUE!
A44: Taxa Metabólica Basal (Bioimpedância; kcal) | F44: ='BD tratado'!C36 -> 1630
A48: Regra de Bolso | G48: Mínimo | K48: Máximo | O48: Médio
A49: Redução de Peso | G49: =$F$10*20 -> 1372 | K49: =$G$50 -> 1715 | O49: =AVERAGE(G49,K49) -> 1543.5
A50: Manutenção de Peso | G50: =$F$10*25 -> 1715 | K50: =$G$51 -> 2058 | O50: =AVERAGE(G50,K50) -> 1886.5
A51: Ganho de Peso | G51: =$F$10*30 -> 2058 | K51: =$F$10*35 -> 2401 | O51: =AVERAGE(G51,K51) -> 2229.5
A53: Dia da Semana | C53: Segunda | E53: Terça | G53: Quarta | I53: Quinta | K53: Sexta | M53: Sábado | O53: Domingo
A54: TMB | C54: =$N$42 -> #VALUE! | E54: =$N$42 -> #VALUE! | G54: =$N$42 -> #VALUE! | I54: =$N$42 -> #VALUE! | K54: =$N$42 -> #VALUE! | M54: =$N$42 -> #VALUE! | O54: =$N$42 -> #VALUE!
A55: Gasto energético c/ o exercício | C55: =O75 -> 270.1125 | E55: =O76 -> 705.60588 | G55: =O77 -> 1741.9735 | I55: =O78 -> 270.1125 | K55: =O79 -> 270.1125 | M55: =O80 -> 0 | O55: =O81 -> 1741.9735
A58: Outros gastos energéticos
A60: Necessidade Energética | C60: =C54+C55+C58 -> #VALUE! | E60: =E54+E55+E58 -> #VALUE! | G60: =G54+G55+G58 -> #VALUE! | I60: =I54+I55+I58 -> #VALUE! | K60: =K54+K55+K58 -> #VALUE! | M60: =M54+M55+M58 -> #VALUE! | O60: =O54+O55+O58 -> #VALUE!
H63: Total na semana | M63: Média Diária
A64: TMB | H64: =SUM(C54:P54) -> #VALUE! | M64: =H64/7 -> #VALUE!
A65: Gasto energético c/ o exercício | H65: =SUM(C55:P55) -> 4999.8904 | M65: =H65/7 -> 714.27006
A66: Necessidade Energética | H66: =SUM(C60:P61) -> #VALUE! | M66: =H66/7 -> #VALUE!
A67: Aporte Energético Sugerido | H67: =$M$67*7 -> 18295.62 | M67: =$M$88 -> 2613.66
A68: Diferença Absoluta | H68: =H67-H66 -> #VALUE! | M68: =M67-M66 -> #VALUE!
A69: Diferença Relativa | H69: =H68/H66 -> #VALUE! | M69: =M68/M66 -> #VALUE!
A72: Estimativa de gasto energético c/ o exercício
A73: Dia da semana | D73: Volume Treino Resistido (min) | H73: Volume Treino Cíclico (min) | L73: %VO₂Médio | O73: kcal gasto no dia
A75: Segunda | D75: 45 | O75: =(0.0175*$F$10*H75*L75*($C$82/3.5))+(0.0175*$F$10*D75*5) -> 270.1125
A76: Terça | D76: 45 | H76: 30 | L76: 0.7 | O76: =(0.0175*$F$10*H76*L76*($C$82/3.5))+(0.0175*$F$10*D76*5) -> 705.60588
A77: Quarta | H77: 120 | L77: 0.7 | O77: =(0.0175*$F$10*H77*L77*($C$82/3.5))+(0.0175*$F$10*D77*5) -> 1741.9735
A78: Quinta | D78: 45 | O78: =(0.0175*$F$10*H78*L78*($C$82/3.5))+(0.0175*$F$10*D78*5) -> 270.1125
A79: Sexta | D79: 45 | O79: =(0.0175*$F$10*H79*L79*($C$82/3.5))+(0.0175*$F$10*D79*5) -> 270.1125
A80: Sábado | O80: =(0.0175*$F$10*H80*L80*($C$82/3.5))+(0.0175*$F$10*D80*5) -> 0
A81: Domingo | H81: =120 -> 120 | L81: 0.7 | O81: =(0.0175*$F$10*H81*L81*($C$82/3.5))+(0.0175*$F$10*D81*5) -> 1741.9735
A82: VO₂Máx | C82: =K82 -> 60.46 | E82: ml/kg/min | H82: Última Avaliação: | K82: ='BD tratado'!$C$138 -> 60.46 | M82: ml/kg/min
A84: Estratégia de aporte energético | I84: Macronutrientes | L84: g/kg | M84: g/dia | N84: kcal/dia | P84: %
A85: Diferença % em relação à necessidade estimada | E85: 15.7 | I85: Proteínas | L85: 2 | M85: =L85*IF($J$90,$F$8,$F$10) -> 137.2 | N85: =M85*4 -> 548.8 | P85: =IF(L85,(N85/$M$88)*100,"") -> 20.997375
I86: Carboidratos | L86: 5.5 | M86: =L86*IF($J$90,$F$8,$F$10) -> 377.3 | N86: =M86*4 -> 1509.2 | P86: =IF(L86,(N86/$M$88)*100,"") -> 57.742782
A87: Tipo de Dieta | E87: =_xludf.IFS($E$85<-3,"Hipocalórica",$E$85<3,"Isocalórica",TRUE(),"Hipercalórica") -> #NAME? | I87: Lipídios | L87: 0.9 | M87: =L87*IF($J$90,$F$8,$F$10) -> 61.74 | N87: =M87*9 -> 555.66 | P87: =IF(L87,(N87/$M$88)*100,"") -> 21.259843
A88: Disponibilidade Energética | E88: =(E89-M65)/F8 -> #VALUE! | I88: Total de Kcal/dia | M88: =SUM(N85:N87) -> 2613.66
A89: Aporte energético Diário Sugerido | E89: =M66*(100+E85)/100 -> #VALUE!
J90: FALSE | K90: Usar Massa magra como referência
A92: Diferença Absoluta Necessidade vs Consumo | F92: =M68 -> #VALUE!
A94: Diferença Percentual Necessidade vs Consumo | F94: =M69 -> #VALUE!
A105: Estimativa de Emagrecimento:
A106: Variação de Redução de Gordura Estimada | H106: =IF(H68<0,ROUND(H68/7700,3)*-1000&" a "&ROUND(H68/7000,3)*-1000&"g","-") -> #VALUE!
A107: Variação de Redução 1kg de gordura | H107: =IF(H68<0,"de "&INT(-7000/M68)&" a "&INT(-7700/M68)+1&" dias","-") -> #VALUE!
A108: ="Variação da meta proposta ("&IF(Graficos!B153<0,"-",ROUND(Graficos!B153*-1,1)&"kg)") -> Variação da meta proposta (-0,4kg) | H108: =IF(H68<0,"de "&INT(-7000*Graficos!$B$153/M68)&" a "&INT(-7700*Graficos!$B$153/M68)+1&" dias","-") -> #VALUE!
A125: Refeições: | D125: Distribuição (%) | H125: kcal | K125: Horário (hh:mm)
A126: Café da Manhã | D126: 25 | H126: =IF(D126,D126*$M$88/100,"") -> 653.415 | K126: 0.29166667
A127: Lanche da Manhã | D127: 10 | H127: =IF(D127,D127*$M$88/100,"") -> 261.366 | K127: 0.375
A128: Almoço | D128: 35 | H128: =IF(D128,D128*$M$88/100,"") -> 914.781 | K128: 0.5
A129: Lanche da Tarde | D129: 10 | H129: =IF(D129,D129*$M$88/100,"") -> 261.366 | K129: 0.66666667
A130: Jantar | D130: 20 | H130: =IF(D130,D130*$M$88/100,"") -> 522.732 | K130: 0.8125
H131: =IF(D131,D131*$M$88/100,"")
A132: Total | D132: =SUM(D126:F131) -> 100 | H132: =SUM(J125:J130) -> 0
A134: =A126 -> Café da Manhã | D134: =H126 -> 653.415 | E134: =IF(D134="","","kcal") -> kcal | F134: =A127 -> Lanche da Manhã | I134: =H127 -> 261.366 | J134: =IF(I134="","","kcal") -> kcal | K134: =A128 -> Almoço | N134: =H128 -> 914.781 | O134: =IF(N134="","","kcal") -> kcal
B135: % | C135: kcal | E135: g | G135: % | H135: kcal | J135: g | L135: % | M135: kcal | O135: g
A136: CHO | B136: 53.7 | C136: =D134*B136/100 -> 350.88385 | E136: =C136/4 -> 87.720964 | F136: CHO | G136: 53.7 | H136: =I$134*G136/100 -> 140.35354 | J136: =H136/4 -> 35.088386 | K136: CHO | L136: 53.7 | M136: =N134*L136/100 -> 491.2374 | O136: =M136/4 -> 122.80935
A137: PRO | B137: 23.8 | C137: =D134*B137/100 -> 155.51277 | E137: =C137/4 -> 38.878192 | F137: PRO | G137: 23.8 | H137: =I$134*G137/100 -> 62.205108 | J137: =H137/4 -> 15.551277 | K137: PRO | L137: 23.8 | M137: =N134*L137/100 -> 217.71788 | O137: =M137/4 -> 54.429469
A138: LIP | B138: 22.5 | C138: =D134*B138/100 -> 147.01837 | E138: =C138/9 -> 16.335375 | F138: LIP | G138: 22.5 | H138: =I$134*G138/100 -> 58.80735 | J138: =H138/9 -> 6.53415 | K138: LIP | L138: 22.5 | M138: =N134*L138/100 -> 205.82572 | O138: =M138/9 -> 22.869525
B139: =SUM(B136:B138) -> 100 | C139: =SUM(C136:D138) -> 653.415 | G139: =SUM(G136:G138) -> 100 | H139: =SUM(H136:I138) -> 261.366 | L139: =SUM(L136:L138) -> 100 | M139: =SUM(M136:N138) -> 914.781
A142: =A129 -> Lanche da Tarde | D142: =H129 -> 261.366 | E142: =IF(D142="","","kcal") -> kcal | F142: =A130 -> Jantar | I142: =H130 -> 522.732 | J142: =IF(I142="","","kcal") -> kcal | K142: =A131 -> 0 | N142: =H131 | O142: =IF(N142="","","kcal")
B143: % | C143: kcal | E143: g | G143: % | H143: kcal | J143: g | L143: % | M143: kcal | O143: g
A144: CHO | B144: 53.7 | C144: =D142*B144/100 -> 140.35354 | E144: =C144/4 -> 35.088386 | F144: CHO | G144: 53.7 | H144: =I142*G144/100 -> 280.70708 | J144: =H144/4 -> 70.176771 | K144: CHO | L144: 53.7 | M144: =N142*L144/100 -> #VALUE! | O144: =M144/4 -> #VALUE!
A145: PRO | B145: 23.8 | C145: =D142*B145/100 -> 62.205108 | E145: =C145/4 -> 15.551277 | F145: PRO | G145: 23.8 | H145: =I142*G145/100 -> 124.41022 | J145: =H145/4 -> 31.102554 | K145: PRO | L145: 23.8 | M145: =N142*L145/100 -> #VALUE! | O145: =M145/4 -> #VALUE!
A146: LIP | B146: 22.5 | C146: =D142*B146/100 -> 58.80735 | E146: =C146/9 -> 6.53415 | F146: LIP | G146: 22.5 | H146: =I142*G146/100 -> 117.6147 | J146: =H146/9 -> 13.0683 | K146: LIP | L146: 22.5 | M146: =N142*L146/100 -> #VALUE! | O146: =M146/9 -> #VALUE!
B147: =SUM(B144:B146) -> 100 | C147: =SUM(C144:D146) -> 261.366 | G147: =SUM(G144:G146) -> 100 | H147: =SUM(H144:I146) -> 522.732 | L147: =SUM(L144:L146) -> 100 | M147: =SUM(M144:N146) -> #VALUE!

Sheet Metabólica
A1: =Avaliação!B1 -> Claudinei Rogério Gasparoto | E1: Av4 | G1: Av5 | I1: Av6 | K1: Av7 | M1: Av8 | O1: Av9 | Q1: Av10
E2: =IF(E$1="","",OFFSET(Avaliação!$C$3,,MATCH(E$1,Avaliação!$D$2:$AF$2,0))) -> 45078 | G2: =IF(G$1="","",OFFSET(Avaliação!$C$3,,MATCH(G$1,Avaliação!$D$2:$AF$2,0))) -> 45301 | I2: =IF(I$1="","",OFFSET(Avaliação!$C$3,,MATCH(I$1,Avaliação!$D$2:$AF$2,0))) -> 45433 | K2: =IF(K$1="","",OFFSET(Avaliação!$C$3,,MATCH(K$1,Avaliação!$D$2:$AF$2,0))) -> 45611 | M2: =IF(M$1="","",OFFSET(Avaliação!$C$3,,MATCH(M$1,Avaliação!$D$2:$AF$2,0))) -> 45752 | O2: =IF(O$1="","",OFFSET(Avaliação!$C$3,,MATCH(O$1,Avaliação!$D$2:$AF$2,0))) -> 45829 | Q2: =IF(Q$1="","",OFFSET(Avaliação!$C$3,,MATCH(Q$1,Avaliação!$D$2:$AF$2,0))) -> 45938 | S2: =IF(S$1="","",OFFSET(Avaliação!$C$3,,MATCH(S$1,Avaliação!$D$2:$AF$2,0))) | U2: =IF(U$1="","",OFFSET(Avaliação!$C$3,,MATCH(U$1,Avaliação!$D$2:$AF$2,0))) | W2: =IF(W$1="","",OFFSET(Avaliação!$C$3,,MATCH(W$1,Avaliação!$D$2:$AF$2,0))) | Y2: =IF(Y$1="","",OFFSET(Avaliação!$C$3,,MATCH(Y$1,Avaliação!$D$2:$AF$2,0))) | AA2: =IF(AA$1="","",OFFSET(Avaliação!$C$3,,MATCH(AA$1,Avaliação!$D$2:$AF$2,0))) | AC2: =IF(AC$1="","",OFFSET(Avaliação!$C$3,,MATCH(AC$1,Avaliação!$D$2:$AF$2,0))) | AE2: =IF(AE$1="","",OFFSET(Avaliação!$C$3,,MATCH(AE$1,Avaliação!$D$2:$AF$2,0))) | AG2: =IF(AG$1="","",OFFSET(Avaliação!$C$3,,MATCH(AG$1,Avaliação!$D$2:$AF$2,0)))
E3: Pré | F3: Pós | G3: Pré | H3: Pós | I3: Pré | J3: Pós | K3: Pré | L3: Pós | M3: Pré | N3: Pós | O3: Pré | P3: Pós | Q3: Pré | R3: Pós | S3: Pré | T3: Pós | U3: Pré | V3: Pós | W3: Pré | X3: Pós | Y3: Pré | Z3: Pós | AA3: Pré | AB3: Pós | AC3: Pré | AD3: Pós | AE3: Pré | AF3: Pós | AG3: Pré | AH3: Pós
A4: Pressão Arterial Sistólica | E4: 120 | F4: 80 | G4: 140 | H4: 70 | M4: 142 | N4: 212 | O4: 112 | P4: 190 | Q4: 112 | R4: 190
A5: Pressão Arterial Diastólica | G5: 162 | H5: 60 | M5: 63 | N5: 61 | O5: 70 | P5: 76 | Q5: 72 | R5: 70
E6: Fórmula | F6: Ventilometria | G6: Fórmula | H6: Ventilometria | I6: Fórmula | J6: Ventilometria | K6: Fórmula | L6: Ventilometria | M6: Fórmula | N6: Ventilometria | O6: Fórmula | P6: Ventilometria | Q6: Fórmula | R6: Ventilometria | S6: Fórmula | T6: Ventilometria | U6: Fórmula | V6: Ventilometria | W6: Fórmula | X6: Ventilometria | Y6: Fórmula | Z6: Ventilometria | AA6: Fórmula | AB6: Ventilometria | AC6: Fórmula | AD6: Ventilometria | AE6: Fórmula | AF6: Ventilometria | AG6: Fórmula | AH6: Ventilometria
A7: VO₂Max | E7: =_xludf.IFS(E17="","",E15="Teste de Esteira Progressiva",(0.2*(E11*16.66))+((0.9*(E11*16.66))*(OFFSET($B$17,_xludf.MAXIFS($A$17:$A$34,E$17:E$34,">0"),)*1.746/100)+3.5),TRUE(),"-") -> #NAME? | F7: 56.6 | G7: =_xludf.IFS(G17="","",G15="Teste de Esteira Progressiva",(0.2*(G11*16.66))+((0.9*(G11*16.66))*(OFFSET($B$17,_xludf.MAXIFS($A$17:$A$34,G$17:G$34,">0"),)*1.746/100)+3.5),TRUE(),"-") -> #NAME? | H7: 57.4 | I7: =_xludf.IFS(I17="","",I15="Teste de Esteira Progressiva",(0.2*(I11*16.66))+((0.9*(I11*16.66))*(OFFSET($B$17,_xludf.MAXIFS($A$17:$A$34,I$17:I$34,">0"),)*1.746/100)+3.5),TRUE(),"-") -> #NAME? | J7: 60.46 | K7: =_xludf.IFS(K17="","",K15="Teste de Esteira Progressiva",(0.2*(K11*16.66))+((0.9*(K11*16.66))*(OFFSET($B$17,_xludf.MAXIFS($A$17:$A$34,K$17:K$34,">0"),)*1.746/100)+3.5),TRUE(),"-") -> #NAME? | L7: 60.46 | M7: =_xludf.IFS(M17="","",M15="Teste de Esteira Progressiva",(0.2*(M11*16.66))+((0.9*(M11*16.66))*(OFFSET($B$17,_xludf.MAXIFS($A$17:$A$34,M$17:M$34,">0"),)*1.746/100)+3.5),TRUE(),"-") -> #NAME? | N7: 57.44 | O7: =_xludf.IFS(O17="","",O15="Teste de Esteira Progressiva",(0.2*(O11*16.66))+((0.9*(O11*16.66))*(OFFSET($B$17,_xludf.MAXIFS($A$17:$A$34,O$17:O$34,">0"),)*1.746/100)+3.5),TRUE(),"-") -> #NAME? | Q7: =_xludf.IFS(Q17="","",Q15="Teste de Esteira Progressiva",(0.2*(Q11*16.66))+((0.9*(Q11*16.66))*(OFFSET($B$17,_xludf.MAXIFS($A$17:$A$34,Q$17:Q$34,">0"),)*1.746/100)+3.5),TRUE(),"-") -> #NAME? | R7: 60.46 | S7: =_xludf.IFS(S17="","",S15="Teste de Esteira Progressiva",(0.2*(S11*16.66))+((0.9*(S11*16.66))*(OFFSET($B$17,_xludf.MAXIFS($A$17:$A$34,S$17:S$34,">0"),)*1.746/100)+3.5),TRUE(),"-") -> #NAME? | U7: =_xludf.IFS(U17="","",U15="Teste de Esteira Progressiva",(0.2*(U11*16.66))+((0.9*(U11*16.66))*(OFFSET($B$17,_xludf.MAXIFS($A$17:$A$34,U$17:U$34,">0"),)*1.746/100)+3.5),TRUE(),"-") -> #NAME? | W7: =_xludf.IFS(W17="","",W15="Teste de Esteira Progressiva",(0.2*(W11*16.66))+((0.9*(W11*16.66))*(OFFSET($B$17,_xludf.MAXIFS($A$17:$A$34,W$17:W$34,">0"),)*1.746/100)+3.5),TRUE(),"-") -> #NAME? | Y7: =_xludf.IFS(Y17="","",Y15="Teste de Esteira Progressiva",(0.2*(Y11*16.66))+((0.9*(Y11*16.66))*(OFFSET($B$17,_xludf.MAXIFS($A$17:$A$34,Y$17:Y$34,">0"),)*1.746/100)+3.5),TRUE(),"-") -> #NAME? | AA7: =_xludf.IFS(AA17="","",AA15="Teste de Esteira Progressiva",(0.2*(AA11*16.66))+((0.9*(AA11*16.66))*(OFFSET($B$17,_xludf.MAXIFS($A$17:$A$34,AA$17:AA$34,">0"),)*1.746/100)+3.5),TRUE(),"-") -> #NAME? | AC7: =_xludf.IFS(AC17="","",AC15="Teste de Esteira Progressiva",(0.2*(AC11*16.66))+((0.9*(AC11*16.66))*(OFFSET($B$17,_xludf.MAXIFS($A$17:$A$34,AC$17:AC$34,">0"),)*1.746/100)+3.5),TRUE(),"-") -> #NAME? | AE7: =_xludf.IFS(AE17="","",AE15="Teste de Esteira Progressiva",(0.2*(AE11*16.66))+((0.9*(AE11*16.66))*(OFFSET($B$17,_xludf.MAXIFS($A$17:$A$34,AE$17:AE$34,">0"),)*1.746/100)+3.5),TRUE(),"-") -> #NAME? | AG7: =_xludf.IFS(AG17="","",AG15="Teste de Esteira Progressiva",(0.2*(AG11*16.66))+((0.9*(AG11*16.66))*(OFFSET($B$17,_xludf.MAXIFS($A$17:$A$34,AG$17:AG$34,">0"),)*1.746/100)+3.5),TRUE(),"-") -> #NAME?
A8: Limiar anaeróbico(bpm) | E8: =IF(E17="","",E65) -> 138.5 | F8: 143 | G8: =IF(G17="","",G65) -> 148.4 | H8: 148 | I8: =IF(I17="","",I65) -> 143.3 | K8: =IF(K17="","",K65) -> 147.3 | L8: 155 | M8: =IF(M17="","",M65) -> 145.8 | N8: 147 | O8: =IF(O17="","",O65) -> 135.55 | Q8: =IF(Q17="","",Q65) -> 136.85 | R8: 138 | S8: =IF(S17="","",S65) | U8: =IF(U17="","",U65) | W8: =IF(W17="","",W65) | Y8: =IF(Y17="","",Y65) | AA8: =IF(AA17="","",AA65) | AC8: =IF(AC17="","",AC65) | AE8: =IF(AE17="","",AE65) | AG8: =IF(AG17="","",AG65)
A9: Limiar anaeróbico (km/h ou watts) | E9: =IF(E17="","",F65) -> #NAME? | G9: =IF(G17="","",H65) -> #NAME? | H9: 14 | I9: =IF(I17="","",J65) -> #NAME? | K9: =IF(K17="","",L65) -> #NAME? | L9: 16 | M9: =IF(M17="","",N65) -> #NAME? | N9: 15 | O9: =IF(O17="","",P65) -> #NAME? | Q9: =IF(Q17="","",R65) -> #NAME? | R9: 15 | S9: =IF(S17="","",T65) | U9: =IF(U17="","",V65) | W9: =IF(W17="","",X65) | Y9: =IF(Y17="","",Z65) | AA9: =IF(AA17="","",AB65) | AC9: =IF(AC17="","",AD65) | AE9: =IF(AE17="","",AF65) | AG9: =IF(AG17="","",AH65)
A10: Limiar anaeróbico (pace) | E10: =IF(E17="","",IF(AND(E15="Teste de esteira progressiva",E9>0),60/E9,"")) -> #NAME? | F10: =IF(AND(E15="Teste de Esteira Progressiva",F9>0),60/F9,"") | G10: =IF(G17="","",IF(AND(G15="Teste de esteira progressiva",G9>0),60/G9,"")) -> #NAME? | H10: =IF(AND(G15="Teste de Esteira Progressiva",H9>0),60/H9,"") -> 4.2857143 | I10: =IF(I17="","",IF(AND(I15="Teste de esteira progressiva",I9>0),60/I9,"")) -> #NAME? | J10: =IF(AND(I15="Teste de Esteira Progressiva",J9>0),60/J9,"") | K10: =IF(K17="","",IF(AND(K15="Teste de esteira progressiva",K9>0),60/K9,"")) -> #NAME? | L10: =IF(AND(K15="Teste de Esteira Progressiva",L9>0),60/L9,"") -> 3.75 | M10: =IF(M17="","",IF(AND(M15="Teste de esteira progressiva",M9>0),60/M9,"")) -> #NAME? | N10: =IF(AND(M15="Teste de Esteira Progressiva",N9>0),60/N9,"") -> 4 | O10: =IF(O17="","",IF(AND(O15="Teste de esteira progressiva",O9>0),60/O9,"")) -> #NAME? | P10: =IF(AND(O15="Teste de Esteira Progressiva",P9>0),60/P9,"") | Q10: =IF(Q17="","",IF(AND(Q15="Teste de esteira progressiva",Q9>0),60/Q9,"")) -> #NAME? | R10: =IF(AND(Q15="Teste de Esteira Progressiva",R9>0),60/R9,"") -> 4 | S10: =IF(S17="","",IF(AND(S15="Teste de esteira progressiva",S9>0),60/S9,"")) | T10: =IF(AND(S15="Teste de Esteira Progressiva",T9>0),60/T9,"") | U10: =IF(U17="","",IF(AND(U15="Teste de esteira progressiva",U9>0),60/U9,"")) | V10: =IF(AND(U15="Teste de Esteira Progressiva",V9>0),60/V9,"") | W10: =IF(W17="","",IF(AND(W15="Teste de esteira progressiva",W9>0),60/W9,"")) | X10: =IF(AND(W15="Teste de Esteira Progressiva",X9>0),60/X9,"") | Y10: =IF(Y17="","",IF(AND(Y15="Teste de esteira progressiva",Y9>0),60/Y9,"")) | Z10: =IF(AND(Y15="Teste de Esteira Progressiva",Z9>0),60/Z9,"") | AA10: =IF(AA17="","",IF(AND(AA15="Teste de esteira progressiva",AA9>0),60/AA9,"")) | AB10: =IF(AND(AA15="Teste de Esteira Progressiva",AB9>0),60/AB9,"") | AC10: =IF(AC17="","",IF(AND(AC15="Teste de esteira progressiva",AC9>0),60/AC9,"")) | AD10: =IF(AND(AC15="Teste de Esteira Progressiva",AD9>0),60/AD9,"") | AE10: =IF(AE17="","",IF(AND(AE15="Teste de esteira progressiva",AE9>0),60/AE9,"")) | AF10: =IF(AND(AE15="Teste de Esteira Progressiva",AF9>0),60/AF9,"") | AG10: =IF(AG17="","",IF(AND(AG15="Teste de esteira progressiva",AG9>0),60/AG9,"")) | AH10: =IF(AND(AG15="Teste de Esteira Progressiva",AH9>0),60/AH9,"")
A11: Velocidade Máxima (km/h ou watts) | E11: =IF(E17="","",OFFSET($B$17,_xludf.MAXIFS($A$17:$A$34,E$17:E$34,">0")-(E38="Estágio Interrompido"),_xludf.IFS(E$15="Teste de Esteira Progressiva",1,E$15="Teste Bicicleta ergométrica Balke",2))) -> #NAME? | G11: =IF(G17="","",OFFSET($B$17,_xludf.MAXIFS($A$17:$A$34,G$17:G$34,">0")-(G38="Estágio Interrompido"),_xludf.IFS(G$15="Teste de Esteira Progressiva",1,G$15="Teste Bicicleta ergométrica Balke",2))) -> #NAME? | I11: =IF(I17="","",OFFSET($B$17,_xludf.MAXIFS($A$17:$A$34,I$17:I$34,">0")-(I38="Estágio Interrompido"),_xludf.IFS(I$15="Teste de Esteira Progressiva",1,I$15="Teste Bicicleta ergométrica Balke",2))) -> #NAME? | K11: =IF(K17="","",OFFSET($B$17,_xludf.MAXIFS($A$17:$A$34,K$17:K$34,">0")-(K38="Estágio Interrompido"),_xludf.IFS(K$15="Teste de Esteira Progressiva",1,K$15="Teste Bicicleta ergométrica Balke",2))) -> #NAME? | L11: 18 | M11: =IF(M17="","",OFFSET($B$17,_xludf.MAXIFS($A$17:$A$34,M$17:M$34,">0")-(M38="Estágio Interrompido"),_xludf.IFS(M$15="Teste de Esteira Progressiva",1,M$15="Teste Bicicleta ergométrica Balke",2))) -> #NAME? | N11: 18 | O11: =IF(O17="","",OFFSET($B$17,_xludf.MAXIFS($A$17:$A$34,O$17:O$34,">0")-(O38="Estágio Interrompido"),_xludf.IFS(O$15="Teste de Esteira Progressiva",1,O$15="Teste Bicicleta ergométrica Balke",2))) -> #NAME? | Q11: =IF(Q17="","",OFFSET($B$17,_xludf.MAXIFS($A$17:$A$34,Q$17:Q$34,">0")-(Q38="Estágio Interrompido"),_xludf.IFS(Q$15="Teste de Esteira Progressiva",1,Q$15="Teste Bicicleta ergométrica Balke",2))) -> #NAME? | R11: 19 | S11: =IF(S17="","",OFFSET($B$17,_xludf.MAXIFS($A$17:$A$34,S$17:S$34,">0")-(S38="Estágio Interrompido"),_xludf.IFS(S$15="Teste de Esteira Progressiva",1,S$15="Teste Bicicleta ergométrica Balke",2))) | U11: =IF(U17="","",OFFSET($B$17,_xludf.MAXIFS($A$17:$A$34,U$17:U$34,">0")-(U38="Estágio Interrompido"),_xludf.IFS(U$15="Teste de Esteira Progressiva",1,U$15="Teste Bicicleta ergométrica Balke",2))) | W11: =IF(W17="","",OFFSET($B$17,_xludf.MAXIFS($A$17:$A$34,W$17:W$34,">0")-(W38="Estágio Interrompido"),_xludf.IFS(W$15="Teste de Esteira Progressiva",1,W$15="Teste Bicicleta ergométrica Balke",2))) | Y11: =IF(Y17="","",OFFSET($B$17,_xludf.MAXIFS($A$17:$A$34,Y$17:Y$34,">0")-(Y38="Estágio Interrompido"),_xludf.IFS(Y$15="Teste de Esteira Progressiva",1,Y$15="Teste Bicicleta ergométrica Balke",2))) | AA11: =IF(AA17="","",OFFSET($B$17,_xludf.MAXIFS($A$17:$A$34,AA$17:AA$34,">0")-(AA38="Estágio Interrompido"),_xludf.IFS(AA$15="Teste de Esteira Progressiva",1,AA$15="Teste Bicicleta ergométrica Balke",2))) | AC11: =IF(AC17="","",OFFSET($B$17,_xludf.MAXIFS($A$17:$A$34,AC$17:AC$34,">0")-(AC38="Estágio Interrompido"),_xludf.IFS(AC$15="Teste de Esteira Progressiva",1,AC$15="Teste Bicicleta ergométrica Balke",2))) | AE11: =IF(AE17="","",OFFSET($B$17,_xludf.MAXIFS($A$17:$A$34,AE$17:AE$34,">0")-(AE38="Estágio Interrompido"),_xludf.IFS(AE$15="Teste de Esteira Progressiva",1,AE$15="Teste Bicicleta ergométrica Balke",2))) | AG11: =IF(AG17="","",OFFSET($B$17,_xludf.MAXIFS($A$17:$A$34,AG$17:AG$34,">0")-(AG38="Estágio Interrompido"),_xludf.IFS(AG$15="Teste de Esteira Progressiva",1,AG$15="Teste Bicicleta ergométrica Balke",2)))
A12: FC Repouso | E12: =E17 -> 45 | G12: =G17 -> 60 | I12: =I17 -> 60 | K12: =K17 -> 64 | L12: 64 | M12: =M17 -> 54 | N12: 54 | O12: =O17 -> 48 | Q12: =Q17 -> 51 | R12: 48 | S12: =S17 -> 0 | U12: =U17 -> 0 | W12: =W17 -> 0 | Y12: =Y17 -> 0 | AA12: =AA17 -> 0 | AC12: =AC17 -> 0 | AE12: =AE17 -> 0 | AG12: =AG17 -> 0
A13: FC máxima predita (bpm) | E13: =IF(E$1="","",OFFSET(Avaliação!$C$147,,MATCH(E$1,Avaliação!$D$2:$AF$2,0))) -> 171.55 | G13: =IF(G$1="","",OFFSET(Avaliação!$C$147,,MATCH(G$1,Avaliação!$D$2:$AF$2,0))) -> 170.865 | I13: =IF(I$1="","",OFFSET(Avaliação!$C$147,,MATCH(I$1,Avaliação!$D$2:$AF$2,0))) -> 170.865 | K13: =IF(K$1="","",OFFSET(Avaliação!$C$147,,MATCH(K$1,Avaliação!$D$2:$AF$2,0))) -> 170.18 | L13: 170 | M13: =IF(M$1="","",OFFSET(Avaliação!$C$147,,MATCH(M$1,Avaliação!$D$2:$AF$2,0))) -> 170.18 | N13: 170 | O13: =IF(O$1="","",OFFSET(Avaliação!$C$147,,MATCH(O$1,Avaliação!$D$2:$AF$2,0))) -> 169.495 | Q13: =IF(Q$1="","",OFFSET(Avaliação!$C$147,,MATCH(Q$1,Avaliação!$D$2:$AF$2,0))) -> 169.495 | R13: 170 | S13: =IF(S$1="","",OFFSET(Avaliação!$C$147,,MATCH(S$1,Avaliação!$D$2:$AF$2,0))) | U13: =IF(U$1="","",OFFSET(Avaliação!$C$147,,MATCH(U$1,Avaliação!$D$2:$AF$2,0))) | W13: =IF(W$1="","",OFFSET(Avaliação!$C$147,,MATCH(W$1,Avaliação!$D$2:$AF$2,0))) | Y13: =IF(Y$1="","",OFFSET(Avaliação!$C$147,,MATCH(Y$1,Avaliação!$D$2:$AF$2,0))) | AA13: =IF(AA$1="","",OFFSET(Avaliação!$C$147,,MATCH(AA$1,Avaliação!$D$2:$AF$2,0))) | AC13: =IF(AC$1="","",OFFSET(Avaliação!$C$147,,MATCH(AC$1,Avaliação!$D$2:$AF$2,0))) | AE13: =IF(AE$1="","",OFFSET(Avaliação!$C$147,,MATCH(AE$1,Avaliação!$D$2:$AF$2,0))) | AG13: =IF(AG$1="","",OFFSET(Avaliação!$C$147,,MATCH(AG$1,Avaliação!$D$2:$AF$2,0)))
A14: FC máxima no teste (bpm) | E14: =IF(E17="","",MAX(E17:E37)) -> 155 | G14: =IF(G17="","",MAX(G17:G37)) -> 164 | I14: =IF(I17="","",MAX(I17:I37)) -> 158 | K14: =IF(K17="","",MAX(K17:K37)) -> 162 | L14: 162 | M14: =IF(M17="","",MAX(M17:M37)) -> 162 | N14: 162 | O14: =IF(O17="","",MAX(O17:O37)) -> 151 | Q14: =IF(Q17="","",MAX(Q17:Q37)) -> 152 | R14: 150 | S14: =IF(S17="","",MAX(S17:S37)) | U14: =IF(U17="","",MAX(U17:U37)) | W14: =IF(W17="","",MAX(W17:W37)) | Y14: =IF(Y17="","",MAX(Y17:Y37)) | AA14: =IF(AA17="","",MAX(AA17:AA37)) | AC14: =IF(AC17="","",MAX(AC17:AC37)) | AE14: =IF(AE17="","",MAX(AE17:AE37)) | AG14: =IF(AG17="","",MAX(AG17:AG37))
E15: Teste de Esteira Progressiva | G15: Teste de Esteira Progressiva | I15: Teste de Esteira Progressiva | K15: Teste de Esteira Progressiva | M15: Teste de Esteira Progressiva | O15: Teste de Esteira Progressiva | Q15: Teste de Esteira Progressiva
A16: Estágio | B16: Incl. | C16: Vel. | D16: Watts | E16: FC | F16: PSE | G16: FC | H16: PSE | I16: FC | J16: PSE | K16: FC | L16: PSE | M16: FC | N16: PSE | O16: FC | P16: PSE | Q16: FC | R16: PSE | S16: FC | T16: PSE | U16: FC | V16: PSE | W16: FC | X16: PSE | Y16: FC | Z16: PSE | AA16: FC | AB16: PSE | AC16: FC | AD16: PSE | AE16: FC | AF16: PSE | AG16: FC | AH16: PSE
A17: 0 | B17: 0 | C17: 0 | D17: 0 | E17: 45 | G17: 60 | I17: 60 | K17: 64 | M17: 54 | O17: 48 | P17: 0 | Q17: 51 | R17: 0
A18: 1 | B18: 1 | C18: 5 | D18: =IF(Avaliação!$K$1="Feminino",25,50) -> 50
A19: 2 | B19: 1 | C19: =C18+1 -> 6 | D19: =D18+25 -> 75
A20: 3 | B20: 1 | C20: =C19+1 -> 7 | D20: =D19+25 -> 100
A21: 4 | B21: 1 | C21: =C20+1 -> 8 | D21: =D20+25 -> 125
A22: 5 | B22: 1 | C22: =C21+1 -> 9 | D22: =D21+25 -> 150 | G22: 107 | H22: 0 | I22: 105 | J22: 0 | K22: 111 | L22: 0
A23: 6 | B23: 1 | C23: =C22+1 -> 10 | D23: =D22+25 -> 175 | E23: 115 | G23: 127 | H23: 0 | I23: 112 | J23: 0 | K23: 121 | L23: 1 | M23: 110 | N23: 0 | O23: 103 | P23: 0 | Q23: 100 | R23: 0
A24: 7 | B24: 1 | C24: =C23+1 -> 11 | D24: =D23+25 -> 200 | E24: 123 | G24: 133 | H24: 1 | I24: 119 | J24: 1 | K24: 127 | L24: 2 | M24: 127 | N24: 1 | O24: 117 | P24: 0 | Q24: 115 | R24: 0
A25: 8 | B25: 1 | C25: =C24+1 -> 12 | D25: =D24+25 -> 225 | E25: 129 | G25: 139 | H25: 2 | I25: 129 | J25: 2 | K25: 136 | L25: 2 | M25: 133 | N25: 2 | O25: 123 | P25: 0 | Q25: 123 | R25: 0
A26: 9 | B26: 1 | C26: =C25+1 -> 13 | D26: =D25+25 -> 250 | E26: 139 | G26: 142 | H26: 3 | I26: 134 | J26: 5 | K26: 141 | L26: 3 | M26: 138 | N26: 2 | O26: 130 | P26: 1 | Q26: 128 | R26: 1
A27: 10 | B27: 1 | C27: =C26+1 -> 14 | D27: =D26+25 -> 275 | E27: 143 | G27: 150 | H27: 4 | I27: 141 | J27: 5 | K27: 145 | L27: 4 | M27: 145 | N27: 3 | O27: 134 | P27: 2 | Q27: 132 | R27: 2
A28: 11 | B28: 1 | C28: =C27+1 -> 15 | D28: =D27+25 -> 300 | E28: 148 | G28: 153 | H28: 6 | I28: 143 | J28: 6 | K28: 150 | L28: 5 | M28: 150 | N28: 4 | O28: 140 | P28: 3 | Q28: 140 | R28: 3
A29: 12 | B29: 1 | C29: =C28+1 -> 16 | D29: =D28+25 -> 325 | E29: 151 | G29: 157 | H29: 8 | I29: 148 | J29: 7 | K29: 155 | L29: 6 | M29: 153 | N29: 6 | O29: 146 | P29: 4 | Q29: 144 | R29: 4
A30: 13 | B30: 1 | C30: =C29+1 -> 17 | D30: =D29+25 -> 350 | E30: 155 | G30: 163 | H30: 10 | I30: 155 | J30: 9 | K30: 161 | L30: 8 | M30: 156 | N30: 8 | O30: 147 | P30: 6 | Q30: 146 | R30: 6
A31: 14 | B31: 1 | C31: =C30+1 -> 18 | D31: =D30+25 -> 375 | G31: 164 | I31: 158 | J31: 10 | K31: 162 | L31: 10 | M31: 162 | N31: 10 | O31: 150 | P31: 8 | Q31: 150 | R31: 8
A32: 15 | B32: 1 | C32: =C31+1 -> 19 | D32: =D31+25 -> 400 | O32: 151 | Q32: 152 | R32: 10
A33: 16 | B33: 1 | C33: =C32+1 -> 20 | D33: =D32+25 -> 425
A34: 17 | B34: 1 | C34: =C33+1 -> 21 | D34: =D33+25 -> 450
A35: R1 | B35: 1 | C35: 4.5 | D35: =D18 -> 50 | E35: 129 | G35: 127 | K35: 127
A36: R1 | B36: 0 | C36: 0 | D36: 0 | M36: 122 | O36: 119 | Q36: 121
A37: R2 | B37: 0 | C37: 0 | D37: 0 | E37: 97 | G37: 108 | K37: 101 | M37: 89 | O37: 80 | Q37: 78
A38: Observações | E38: Estágio Interrompido | G38: Estágio Completo | I38: Estágio Completo | K38: Estágio Completo | M38: Estágio Interrompido | O38: Estágio Interrompido | Q38: Estágio Completo
C42: Zonas | D42: %Vo2 | E42: FC | F42: =_xludf.IFS(E15="Teste de Esteira Progressiva","Velocidade",E15="","",E15="Teste Bicicleta Ergométrica Balke","Watts") -> #NAME? | G42: FC | H42: =_xludf.IFS(G15="Teste de Esteira Progressiva","Velocidade",G15="","",G15="Teste Bicicleta Ergométrica Balke","Watts") -> #NAME? | I42: FC | J42: =_xludf.IFS(I15="Teste de Esteira Progressiva","Velocidade",I15="","",I15="Teste Bicicleta Ergométrica Balke","Watts") -> #NAME? | K42: FC | L42: =_xludf.IFS(K15="Teste de Esteira Progressiva","Velocidade",K15="","",K15="Teste Bicicleta Ergométrica Balke","Watts") -> #NAME? | M42: FC | N42: =_xludf.IFS(M15="Teste de Esteira Progressiva","Velocidade",M15="","",M15="Teste Bicicleta Ergométrica Balke","Watts") -> #NAME? | O42: FC | P42: =_xludf.IFS(O15="Teste de Esteira Progressiva","Velocidade",O15="","",O15="Teste Bicicleta Ergométrica Balke","Watts") -> #NAME? | Q42: FC | R42: =_xludf.IFS(Q15="Teste de Esteira Progressiva","Velocidade",Q15="","",Q15="Teste Bicicleta Ergométrica Balke","Watts") -> #NAME? | S42: FC | T42: =_xludf.IFS(S15="Teste de Esteira Progressiva","Velocidade",S15="","",S15="Teste Bicicleta Ergométrica Balke","Watts") -> #NAME? | U42: FC | V42: =_xludf.IFS(U15="Teste de Esteira Progressiva","Velocidade",U15="","",U15="Teste Bicicleta Ergométrica Balke","Watts") -> #NAME? | W42: FC | X42: =_xludf.IFS(W15="Teste de Esteira Progressiva","Velocidade",W15="","",W15="Teste Bicicleta Ergométrica Balke","Watts") -> #NAME? | Y42: FC | Z42: =_xludf.IFS(Y15="Teste de Esteira Progressiva","Velocidade",Y15="","",Y15="Teste Bicicleta Ergométrica Balke","Watts") -> #NAME? | AA42: FC | AB42: =_xludf.IFS(AA15="Teste de Esteira Progressiva","Velocidade",AA15="","",AA15="Teste Bicicleta Ergométrica Balke","Watts") -> #NAME? | AC42: FC | AD42: =_xludf.IFS(AC15="Teste de Esteira Progressiva","Velocidade",AC15="","",AC15="Teste Bicicleta Ergométrica Balke","Watts") -> #NAME? | AE42: FC | AF42: =_xludf.IFS(AE15="Teste de Esteira Progressiva","Velocidade",AE15="","",AE15="Teste Bicicleta Ergométrica Balke","Watts") -> #NAME? | AG42: FC | AH42: =_xludf.IFS(AG15="Teste de Esteira Progressiva","Velocidade",AG15="","",AG15="Teste Bicicleta Ergométrica Balke","Watts") -> #NAME?
D43: 0.5 | E43: =(E$14-E$12)*$D43+E$12 -> 100 | F43: 8.4 | G43: =(G$14-G$12)*$D43+G$12 -> 112 | I43: =(I$14-I$12)*$D43+I$12 -> 109 | K43: =(K$14-K$12)*$D43+K$12 -> 113 | L43: 9.1 | M43: =(M$14-M$12)*$D43+M$12 -> 108 | N43: 9.4 | O43: =(O$14-O$12)*$D43+O$12 -> 99.5 | Q43: =(Q$14-Q$12)*$D43+Q$12 -> 101.5 | R43: 10 | S43: =(S$14-S$12)*$D43+S$12 -> #VALUE! | U43: =(U$14-U$12)*$D43+U$12 -> #VALUE! | W43: =(W$14-W$12)*$D43+W$12 -> #VALUE! | Y43: =(Y$14-Y$12)*$D43+Y$12 -> #VALUE! | AA43: =(AA$14-AA$12)*$D43+AA$12 -> #VALUE! | AC43: =(AC$14-AC$12)*$D43+AC$12 -> #VALUE! | AE43: =(AE$14-AE$12)*$D43+AE$12 -> #VALUE! | AG43: =(AG$14-AG$12)*$D43+AG$12 -> #VALUE!
D44: 0.55 | E44: =(E$14-E$12)*$D44+E$12 -> 105.5 | F44: 9 | G44: =(G$14-G$12)*$D44+G$12 -> 117.2 | I44: =(I$14-I$12)*$D44+I$12 -> 113.9 | K44: =(K$14-K$12)*$D44+K$12 -> 117.9 | L44: 10 | M44: =(M$14-M$12)*$D44+M$12 -> 113.4 | N44: 10 | O44: =(O$14-O$12)*$D44+O$12 -> 104.65 | Q44: =(Q$14-Q$12)*$D44+Q$12 -> 106.55 | R44: 10.5 | S44: =(S$14-S$12)*$D44+S$12 -> #VALUE! | U44: =(U$14-U$12)*$D44+U$12 -> #VALUE! | W44: =(W$14-W$12)*$D44+W$12 -> #VALUE! | Y44: =(Y$14-Y$12)*$D44+Y$12 -> #VALUE! | AA44: =(AA$14-AA$12)*$D44+AA$12 -> #VALUE! | AC44: =(AC$14-AC$12)*$D44+AC$12 -> #VALUE! | AE44: =(AE$14-AE$12)*$D44+AE$12 -> #VALUE! | AG44: =(AG$14-AG$12)*$D44+AG$12 -> #VALUE!
D45: 0.6 | E45: =(E$14-E$12)*$D45+E$12 -> 111 | F45: 9.8 | G45: =(G$14-G$12)*$D45+G$12 -> 122.4 | I45: =(I$14-I$12)*$D45+I$12 -> 118.8 | K45: =(K$14-K$12)*$D45+K$12 -> 122.8 | L45: 10.9 | M45: =(M$14-M$12)*$D45+M$12 -> 118.8 | N45: 10.4 | O45: =(O$14-O$12)*$D45+O$12 -> 109.8 | Q45: =(Q$14-Q$12)*$D45+Q$12 -> 111.6 | R45: 10.9 | S45: =(S$14-S$12)*$D45+S$12 -> #VALUE! | U45: =(U$14-U$12)*$D45+U$12 -> #VALUE! | W45: =(W$14-W$12)*$D45+W$12 -> #VALUE! | Y45: =(Y$14-Y$12)*$D45+Y$12 -> #VALUE! | AA45: =(AA$14-AA$12)*$D45+AA$12 -> #VALUE! | AC45: =(AC$14-AC$12)*$D45+AC$12 -> #VALUE! | AE45: =(AE$14-AE$12)*$D45+AE$12 -> #VALUE! | AG45: =(AG$14-AG$12)*$D45+AG$12 -> #VALUE!
D46: 0.65 | E46: =(E$14-E$12)*$D46+E$12 -> 116.5 | F46: =IF(E$17="","",OFFSET($B$16,MATCH(E46,E$17:E$34,1),_xludf.IFS(E$15="Teste de Esteira Progressiva",1,E$15="Teste Bicicleta ergométrica Balke",2))+((E46-OFFSET(E$16,MATCH(E46,E$17:E$34,1),))/(OFFSET(E$16,MATCH(E46,E$17:E$34,1)+1,)-OFFSET(E$16,MATCH(E46,E$17:E$34,1),)))) -> #NAME? | G46: =(G$14-G$12)*$D46+G$12 -> 127.6 | I46: =(I$14-I$12)*$D46+I$12 -> 123.7 | K46: =(K$14-K$12)*$D46+K$12 -> 127.7 | L46: 11.8 | M46: =(M$14-M$12)*$D46+M$12 -> 124.2 | N46: 11.2 | O46: =(O$14-O$12)*$D46+O$12 -> 114.95 | Q46: =(Q$14-Q$12)*$D46+Q$12 -> 116.65 | R46: 11.8 | S46: =(S$14-S$12)*$D46+S$12 -> #VALUE! | U46: =(U$14-U$12)*$D46+U$12 -> #VALUE! | W46: =(W$14-W$12)*$D46+W$12 -> #VALUE! | Y46: =(Y$14-Y$12)*$D46+Y$12 -> #VALUE! | AA46: =(AA$14-AA$12)*$D46+AA$12 -> #VALUE! | AC46: =(AC$14-AC$12)*$D46+AC$12 -> #VALUE! | AE46: =(AE$14-AE$12)*$D46+AE$12 -> #VALUE! | AG46: =(AG$14-AG$12)*$D46+AG$12 -> #VALUE!
D47: 0.7 | E47: =(E$14-E$12)*$D47+E$12 -> 122 | F47: =IF(E$17="","",OFFSET($B$16,MATCH(E47,E$17:E$34,1),_xludf.IFS(E$15="Teste de Esteira Progressiva",1,E$15="Teste Bicicleta ergométrica Balke",2))+((E47-OFFSET(E$16,MATCH(E47,E$17:E$34,1),))/(OFFSET(E$16,MATCH(E47,E$17:E$34,1)+1,)-OFFSET(E$16,MATCH(E47,E$17:E$34,1),)))) -> #NAME? | G47: =(G$14-G$12)*$D47+G$12 -> 132.8 | I47: =(I$14-I$12)*$D47+I$12 -> 128.6 | K47: =(K$14-K$12)*$D47+K$12 -> 132.6 | L47: 12.7 | M47: =(M$14-M$12)*$D47+M$12 -> 129.6 | N47: 12.1 | O47: =(O$14-O$12)*$D47+O$12 -> 120.1 | Q47: =(Q$14-Q$12)*$D47+Q$12 -> 121.7 | R47: 12.7 | S47: =(S$14-S$12)*$D47+S$12 -> #VALUE! | U47: =(U$14-U$12)*$D47+U$12 -> #VALUE! | W47: =(W$14-W$12)*$D47+W$12 -> #VALUE! | Y47: =(Y$14-Y$12)*$D47+Y$12 -> #VALUE! | AA47: =(AA$14-AA$12)*$D47+AA$12 -> #VALUE! | AC47: =(AC$14-AC$12)*$D47+AC$12 -> #VALUE! | AE47: =(AE$14-AE$12)*$D47+AE$12 -> #VALUE! | AG47: =(AG$14-AG$12)*$D47+AG$12 -> #VALUE!
D48: 0.75 | E48: =(E$14-E$12)*$D48+E$12 -> 127.5 | F48: =IF(E$17="","",OFFSET($B$16,MATCH(E48,E$17:E$34,1),_xludf.IFS(E$15="Teste de Esteira Progressiva",1,E$15="Teste Bicicleta ergométrica Balke",2))+((E48-OFFSET(E$16,MATCH(E48,E$17:E$34,1),))/(OFFSET(E$16,MATCH(E48,E$17:E$34,1)+1,)-OFFSET(E$16,MATCH(E48,E$17:E$34,1),)))) -> #NAME? | G48: =(G$14-G$12)*$D48+G$12 -> 138 | I48: =(I$14-I$12)*$D48+I$12 -> 133.5 | K48: =(K$14-K$12)*$D48+K$12 -> 137.5 | L48: 13.6 | M48: =(M$14-M$12)*$D48+M$12 -> 135 | N48: 13 | O48: =(O$14-O$12)*$D48+O$12 -> 125.25 | Q48: =(Q$14-Q$12)*$D48+Q$12 -> 126.75 | R48: 13.6 | S48: =(S$14-S$12)*$D48+S$12 -> #VALUE! | U48: =(U$14-U$12)*$D48+U$12 -> #VALUE! | W48: =(W$14-W$12)*$D48+W$12 -> #VALUE! | Y48: =(Y$14-Y$12)*$D48+Y$12 -> #VALUE! | AA48: =(AA$14-AA$12)*$D48+AA$12 -> #VALUE! | AC48: =(AC$14-AC$12)*$D48+AC$12 -> #VALUE! | AE48: =(AE$14-AE$12)*$D48+AE$12 -> #VALUE! | AG48: =(AG$14-AG$12)*$D48+AG$12 -> #VALUE!
D49: 0.8 | E49: =(E$14-E$12)*$D49+E$12 -> 133 | F49: =IF(E$17="","",OFFSET($B$16,MATCH(E49,E$17:E$34,1),_xludf.IFS(E$15="Teste de Esteira Progressiva",1,E$15="Teste Bicicleta ergométrica Balke",2))+((E49-OFFSET(E$16,MATCH(E49,E$17:E$34,1),))/(OFFSET(E$16,MATCH(E49,E$17:E$34,1)+1,)-OFFSET(E$16,MATCH(E49,E$17:E$34,1),)))) -> #NAME? | G49: =(G$14-G$12)*$D49+G$12 -> 143.2 | I49: =(I$14-I$12)*$D49+I$12 -> 138.4 | K49: =(K$14-K$12)*$D49+K$12 -> 142.4 | L49: 14.5 | M49: =(M$14-M$12)*$D49+M$12 -> 140.4 | N49: 13.8 | O49: =(O$14-O$12)*$D49+O$12 -> 130.4 | Q49: =(Q$14-Q$12)*$D49+Q$12 -> 131.8 | R49: 14.5 | S49: =(S$14-S$12)*$D49+S$12 -> #VALUE! | U49: =(U$14-U$12)*$D49+U$12 -> #VALUE! | W49: =(W$14-W$12)*$D49+W$12 -> #VALUE! | Y49: =(Y$14-Y$12)*$D49+Y$12 -> #VALUE! | AA49: =(AA$14-AA$12)*$D49+AA$12 -> #VALUE! | AC49: =(AC$14-AC$12)*$D49+AC$12 -> #VALUE! | AE49: =(AE$14-AE$12)*$D49+AE$12 -> #VALUE! | AG49: =(AG$14-AG$12)*$D49+AG$12 -> #VALUE!
D50: 0.85 | E50: =(E$14-E$12)*$D50+E$12 -> 138.5 | F50: =IF(E$17="","",OFFSET($B$16,MATCH(E50,E$17:E$34,1),_xludf.IFS(E$15="Teste de Esteira Progressiva",1,E$15="Teste Bicicleta ergométrica Balke",2))+((E50-OFFSET(E$16,MATCH(E50,E$17:E$34,1),))/(OFFSET(E$16,MATCH(E50,E$17:E$34,1)+1,)-OFFSET(E$16,MATCH(E50,E$17:E$34,1),)))) -> #NAME? | G50: =(G$14-G$12)*$D50+G$12 -> 148.4 | I50: =(I$14-I$12)*$D50+I$12 -> 143.3 | K50: =(K$14-K$12)*$D50+K$12 -> 147.3 | L50: 15.4 | M50: =(M$14-M$12)*$D50+M$12 -> 145.8 | N50: 14.7 | O50: =(O$14-O$12)*$D50+O$12 -> 135.55 | Q50: =(Q$14-Q$12)*$D50+Q$12 -> 136.85 | R50: 15.4 | S50: =(S$14-S$12)*$D50+S$12 -> #VALUE! | U50: =(U$14-U$12)*$D50+U$12 -> #VALUE! | W50: =(W$14-W$12)*$D50+W$12 -> #VALUE! | Y50: =(Y$14-Y$12)*$D50+Y$12 -> #VALUE! | AA50: =(AA$14-AA$12)*$D50+AA$12 -> #VALUE! | AC50: =(AC$14-AC$12)*$D50+AC$12 -> #VALUE! | AE50: =(AE$14-AE$12)*$D50+AE$12 -> #VALUE! | AG50: =(AG$14-AG$12)*$D50+AG$12 -> #VALUE!
D51: 0.9 | E51: =(E$14-E$12)*$D51+E$12 -> 144 | F51: =IF(E$17="","",OFFSET($B$16,MATCH(E51,E$17:E$34,1),_xludf.IFS(E$15="Teste de Esteira Progressiva",1,E$15="Teste Bicicleta ergométrica Balke",2))+((E51-OFFSET(E$16,MATCH(E51,E$17:E$34,1),))/(OFFSET(E$16,MATCH(E51,E$17:E$34,1)+1,)-OFFSET(E$16,MATCH(E51,E$17:E$34,1),)))) -> #NAME? | G51: =(G$14-G$12)*$D51+G$12 -> 153.6 | I51: =(I$14-I$12)*$D51+I$12 -> 148.2 | K51: =(K$14-K$12)*$D51+K$12 -> 152.2 | L51: 16.3 | M51: =(M$14-M$12)*$D51+M$12 -> 151.2 | N51: 15.6 | O51: =(O$14-O$12)*$D51+O$12 -> 140.7 | Q51: =(Q$14-Q$12)*$D51+Q$12 -> 141.9 | R51: 16.3 | S51: =(S$14-S$12)*$D51+S$12 -> #VALUE! | U51: =(U$14-U$12)*$D51+U$12 -> #VALUE! | W51: =(W$14-W$12)*$D51+W$12 -> #VALUE! | Y51: =(Y$14-Y$12)*$D51+Y$12 -> #VALUE! | AA51: =(AA$14-AA$12)*$D51+AA$12 -> #VALUE! | AC51: =(AC$14-AC$12)*$D51+AC$12 -> #VALUE! | AE51: =(AE$14-AE$12)*$D51+AE$12 -> #VALUE! | AG51: =(AG$14-AG$12)*$D51+AG$12 -> #VALUE!
D52: 0.95 | E52: =(E$14-E$12)*$D52+E$12 -> 149.5 | F52: =IF(E$17="","",OFFSET($B$16,MATCH(E52,E$17:E$34,1),_xludf.IFS(E$15="Teste de Esteira Progressiva",1,E$15="Teste Bicicleta ergométrica Balke",2))+((E52-OFFSET(E$16,MATCH(E52,E$17:E$34,1),))/(OFFSET(E$16,MATCH(E52,E$17:E$34,1)+1,)-OFFSET(E$16,MATCH(E52,E$17:E$34,1),)))) -> #NAME? | G52: =(G$14-G$12)*$D52+G$12 -> 158.8 | I52: =(I$14-I$12)*$D52+I$12 -> 153.1 | K52: =(K$14-K$12)*$D52+K$12 -> 157.1 | L52: 17.2 | M52: =(M$14-M$12)*$D52+M$12 -> 156.6 | N52: 16.4 | O52: =(O$14-O$12)*$D52+O$12 -> 145.85 | Q52: =(Q$14-Q$12)*$D52+Q$12 -> 146.95 | R52: 17.2 | S52: =(S$14-S$12)*$D52+S$12 -> #VALUE! | U52: =(U$14-U$12)*$D52+U$12 -> #VALUE! | W52: =(W$14-W$12)*$D52+W$12 -> #VALUE! | Y52: =(Y$14-Y$12)*$D52+Y$12 -> #VALUE! | AA52: =(AA$14-AA$12)*$D52+AA$12 -> #VALUE! | AC52: =(AC$14-AC$12)*$D52+AC$12 -> #VALUE! | AE52: =(AE$14-AE$12)*$D52+AE$12 -> #VALUE! | AG52: =(AG$14-AG$12)*$D52+AG$12 -> #VALUE!
D53: 1 | E53: =(E$14-E$12)*$D53+E$12 -> 155 | F53: =IF(E$17="","",OFFSET($B$16,MATCH(E53,E$17:E$34,1),_xludf.IFS(E$15="Teste de Esteira Progressiva",1,E$15="Teste Bicicleta ergométrica Balke",2))+((E53-OFFSET(E$16,MATCH(E53,E$17:E$34,1),))/(OFFSET(E$16,MATCH(E53,E$17:E$34,1)+1,)-OFFSET(E$16,MATCH(E53,E$17:E$34,1),)))) -> #NAME? | G53: =(G$14-G$12)*$D53+G$12 -> 164 | I53: =(I$14-I$12)*$D53+I$12 -> 158 | K53: =(K$14-K$12)*$D53+K$12 -> 162 | L53: 18.2 | M53: =(M$14-M$12)*$D53+M$12 -> 162 | N53: 17.3 | O53: =(O$14-O$12)*$D53+O$12 -> 151 | Q53: =(Q$14-Q$12)*$D53+Q$12 -> 152 | R53: 18.1 | S53: =(S$14-S$12)*$D53+S$12 -> #VALUE! | U53: =(U$14-U$12)*$D53+U$12 -> #VALUE! | W53: =(W$14-W$12)*$D53+W$12 -> #VALUE! | Y53: =(Y$14-Y$12)*$D53+Y$12 -> #VALUE! | AA53: =(AA$14-AA$12)*$D53+AA$12 -> #VALUE! | AC53: =(AC$14-AC$12)*$D53+AC$12 -> #VALUE! | AE53: =(AE$14-AE$12)*$D53+AE$12 -> #VALUE! | AG53: =(AG$14-AG$12)*$D53+AG$12 -> #VALUE!
D54: 1.1 | E54: - | G54: - | I54: - | K54: - | L54: 20 | M54: - | O54: - | Q54: - | R54: 21.1 | S54: - | U54: - | W54: - | Y54: - | AA54: - | AC54: - | AE54: - | AG54: -
D55: 1.2 | E55: - | G55: - | I55: - | K55: - | L55: 21.8 | M55: - | O55: - | Q55: - | R55: 23.1 | S55: - | U55: - | W55: - | Y55: - | AA55: - | AC55: - | AE55: - | AG55: -
C57: Sugestão | D57: %Vo2 | E57: FC | F57: =F42 -> #NAME? | G57: FC | H57: =H42 -> #NAME? | I57: FC | J57: =J42 -> #NAME? | K57: FC | L57: =L42 -> #NAME? | M57: FC | N57: =N42 -> #NAME? | O57: FC | P57: =P42 -> #NAME? | Q57: FC | R57: =R42 -> #NAME? | S57: FC | T57: =T42 -> #NAME? | U57: FC | V57: =V42 -> #NAME? | W57: FC | X57: =X42 -> #NAME? | Y57: FC | Z57: =Z42 -> #NAME? | AA57: FC | AB57: =AB42 -> #NAME? | AC57: FC | AD57: =AD42 -> #NAME? | AE57: FC | AF57: =AF42 -> #NAME? | AG57: FC | AH57: =AH42 -> #NAME?
D58: 0.5 | E58: =E43 -> 100 | F58: =IF(OR(E$17="",E$18>E43),"",OFFSET($B$16,MATCH(E58,E$17:E$34,1),_xludf.IFS(E$15="Teste de Esteira Progressiva",1,E$15="Teste Bicicleta ergométrica Balke",2))+((E58-OFFSET(E$16,MATCH(E58,E$17:E$34,1),))/(OFFSET(E$16,MATCH(E58,E$17:E$34,1)+1,)-OFFSET(E$16,MATCH(E58,E$17:E$34,1),)))) -> #NAME? | G58: =G43 -> 112 | H58: =IF(OR(G$17="",G$18>G43),"",OFFSET($B$16,MATCH(G58,G$17:G$34,1),_xludf.IFS(G$15="Teste de Esteira Progressiva",1,G$15="Teste Bicicleta ergométrica Balke",2))+((G58-OFFSET(G$16,MATCH(G58,G$17:G$34,1),))/(OFFSET(G$16,MATCH(G58,G$17:G$34,1)+1,)-OFFSET(G$16,MATCH(G58,G$17:G$34,1),)))) -> #NAME? | I58: =I43 -> 109 | J58: =IF(OR(I$17="",I$18>I43),"",OFFSET($B$16,MATCH(I58,I$17:I$34,1),_xludf.IFS(I$15="Teste de Esteira Progressiva",1,I$15="Teste Bicicleta ergométrica Balke",2))+((I58-OFFSET(I$16,MATCH(I58,I$17:I$34,1),))/(OFFSET(I$16,MATCH(I58,I$17:I$34,1)+1,)-OFFSET(I$16,MATCH(I58,I$17:I$34,1),)))) -> #NAME? | K58: =K43 -> 113 | L58: =IF(OR(K$17="",K$18>K43),"",OFFSET($B$16,MATCH(K58,K$17:K$34,1),_xludf.IFS(K$15="Teste de Esteira Progressiva",1,K$15="Teste Bicicleta ergométrica Balke",2))+((K58-OFFSET(K$16,MATCH(K58,K$17:K$34,1),))/(OFFSET(K$16,MATCH(K58,K$17:K$34,1)+1,)-OFFSET(K$16,MATCH(K58,K$17:K$34,1),)))) -> #NAME? | M58: =M43 -> 108 | N58: =IF(OR(M$17="",M$18>M43),"",OFFSET($B$16,MATCH(M58,M$17:M$34,1),_xludf.IFS(M$15="Teste de Esteira Progressiva",1,M$15="Teste Bicicleta ergométrica Balke",2))+((M58-OFFSET(M$16,MATCH(M58,M$17:M$34,1),))/(OFFSET(M$16,MATCH(M58,M$17:M$34,1)+1,)-OFFSET(M$16,MATCH(M58,M$17:M$34,1),)))) -> #NAME? | O58: =O43 -> 99.5 | P58: =IF(OR(O$17="",O$18>O43),"",OFFSET($B$16,MATCH(O58,O$17:O$34,1),_xludf.IFS(O$15="Teste de Esteira Progressiva",1,O$15="Teste Bicicleta ergométrica Balke",2))+((O58-OFFSET(O$16,MATCH(O58,O$17:O$34,1),))/(OFFSET(O$16,MATCH(O58,O$17:O$34,1)+1,)-OFFSET(O$16,MATCH(O58,O$17:O$34,1),)))) -> #NAME? | Q58: =Q43 -> 101.5 | R58: =IF(OR(Q$17="",Q$18>Q43),"",OFFSET($B$16,MATCH(Q58,Q$17:Q$34,1),_xludf.IFS(Q$15="Teste de Esteira Progressiva",1,Q$15="Teste Bicicleta ergométrica Balke",2))+((Q58-OFFSET(Q$16,MATCH(Q58,Q$17:Q$34,1),))/(OFFSET(Q$16,MATCH(Q58,Q$17:Q$34,1)+1,)-OFFSET(Q$16,MATCH(Q58,Q$17:Q$34,1),)))) -> #NAME? | S58: =S43 -> #VALUE! | T58: =IF(OR(S$17="",S$18>S43),"",OFFSET($B$16,MATCH(S58,S$17:S$34,1),_xludf.IFS(S$15="Teste de Esteira Progressiva",1,S$15="Teste Bicicleta ergométrica Balke",2))+((S58-OFFSET(S$16,MATCH(S58,S$17:S$34,1),))/(OFFSET(S$16,MATCH(S58,S$17:S$34,1)+1,)-OFFSET(S$16,MATCH(S58,S$17:S$34,1),)))) -> #VALUE! | U58: =U43 -> #VALUE! | V58: =IF(OR(U$17="",U$18>U43),"",OFFSET($B$16,MATCH(U58,U$17:U$34,1),_xludf.IFS(U$15="Teste de Esteira Progressiva",1,U$15="Teste Bicicleta ergométrica Balke",2))+((U58-OFFSET(U$16,MATCH(U58,U$17:U$34,1),))/(OFFSET(U$16,MATCH(U58,U$17:U$34,1)+1,)-OFFSET(U$16,MATCH(U58,U$17:U$34,1),)))) -> #VALUE! | W58: =W43 -> #VALUE! | X58: =IF(OR(W$17="",W$18>W43),"",OFFSET($B$16,MATCH(W58,W$17:W$34,1),_xludf.IFS(W$15="Teste de Esteira Progressiva",1,W$15="Teste Bicicleta ergométrica Balke",2))+((W58-OFFSET(W$16,MATCH(W58,W$17:W$34,1),))/(OFFSET(W$16,MATCH(W58,W$17:W$34,1)+1,)-OFFSET(W$16,MATCH(W58,W$17:W$34,1),)))) -> #VALUE! | Y58: =Y43 -> #VALUE! | Z58: =IF(OR(Y$17="",Y$18>Y43),"",OFFSET($B$16,MATCH(Y58,Y$17:Y$34,1),_xludf.IFS(Y$15="Teste de Esteira Progressiva",1,Y$15="Teste Bicicleta ergométrica Balke",2))+((Y58-OFFSET(Y$16,MATCH(Y58,Y$17:Y$34,1),))/(OFFSET(Y$16,MATCH(Y58,Y$17:Y$34,1)+1,)-OFFSET(Y$16,MATCH(Y58,Y$17:Y$34,1),)))) -> #VALUE! | AA58: =AA43 -> #VALUE! | AB58: =IF(OR(AA$17="",AA$18>AA43),"",OFFSET($B$16,MATCH(AA58,AA$17:AA$34,1),_xludf.IFS(AA$15="Teste de Esteira Progressiva",1,AA$15="Teste Bicicleta ergométrica Balke",2))+((AA58-OFFSET(AA$16,MATCH(AA58,AA$17:AA$34,1),))/(OFFSET(AA$16,MATCH(AA58,AA$17:AA$34,1)+1,)-OFFSET(AA$16,MATCH(AA58,AA$17:AA$34,1),)))) -> #VALUE! | AC58: =AC43 -> #VALUE! | AD58: =IF(OR(AC$17="",AC$18>AC43),"",OFFSET($B$16,MATCH(AC58,AC$17:AC$34,1),_xludf.IFS(AC$15="Teste de Esteira Progressiva",1,AC$15="Teste Bicicleta ergométrica Balke",2))+((AC58-OFFSET(AC$16,MATCH(AC58,AC$17:AC$34,1),))/(OFFSET(AC$16,MATCH(AC58,AC$17:AC$34,1)+1,)-OFFSET(AC$16,MATCH(AC58,AC$17:AC$34,1),)))) -> #VALUE! | AE58: =AE43 -> #VALUE! | AF58: =IF(OR(AE$17="",AE$18>AE43),"",OFFSET($B$16,MATCH(AE58,AE$17:AE$34,1),_xludf.IFS(AE$15="Teste de Esteira Progressiva",1,AE$15="Teste Bicicleta ergométrica Balke",2))+((AE58-OFFSET(AE$16,MATCH(AE58,AE$17:AE$34,1),))/(OFFSET(AE$16,MATCH(AE58,AE$17:AE$34,1)+1,)-OFFSET(AE$16,MATCH(AE58,AE$17:AE$34,1),)))) -> #VALUE! | AG58: =AG43 -> #VALUE! | AH58: =IF(OR(AG$17="",AG$18>AG43),"",OFFSET($B$16,MATCH(AG58,AG$17:AG$34,1),_xludf.IFS(AG$15="Teste de Esteira Progressiva",1,AG$15="Teste Bicicleta ergométrica Balke",2))+((AG58-OFFSET(AG$16,MATCH(AG58,AG$17:AG$34,1),))/(OFFSET(AG$16,MATCH(AG58,AG$17:AG$34,1)+1,)-OFFSET(AG$16,MATCH(AG58,AG$17:AG$34,1),)))) -> #VALUE!
D59: 0.55 | E59: =E44 -> 105.5 | F59: =IF(E$17="","",OFFSET($B$16,MATCH(E59,E$17:E$34,1),_xludf.IFS(E$15="Teste de Esteira Progressiva",1,E$15="Teste Bicicleta ergométrica Balke",2))+((E59-OFFSET(E$16,MATCH(E59,E$17:E$34,1),))/(OFFSET(E$16,MATCH(E59,E$17:E$34,1)+1,)-OFFSET(E$16,MATCH(E59,E$17:E$34,1),)))) -> #NAME? | G59: =G44 -> 117.2 | H59: =IF(G$17="","",OFFSET($B$16,MATCH(G59,G$17:G$34,1),_xludf.IFS(G$15="Teste de Esteira Progressiva",1,G$15="Teste Bicicleta ergométrica Balke",2))+((G59-OFFSET(G$16,MATCH(G59,G$17:G$34,1),))/(OFFSET(G$16,MATCH(G59,G$17:G$34,1)+1,)-OFFSET(G$16,MATCH(G59,G$17:G$34,1),)))) -> #NAME? | I59: =I44 -> 113.9 | J59: =IF(I$17="","",OFFSET($B$16,MATCH(I59,I$17:I$34,1),_xludf.IFS(I$15="Teste de Esteira Progressiva",1,I$15="Teste Bicicleta ergométrica Balke",2))+((I59-OFFSET(I$16,MATCH(I59,I$17:I$34,1),))/(OFFSET(I$16,MATCH(I59,I$17:I$34,1)+1,)-OFFSET(I$16,MATCH(I59,I$17:I$34,1),)))) -> #NAME? | K59: =K44 -> 117.9 | L59: =IF(K$17="","",OFFSET($B$16,MATCH(K59,K$17:K$34,1),_xludf.IFS(K$15="Teste de Esteira Progressiva",1,K$15="Teste Bicicleta ergométrica Balke",2))+((K59-OFFSET(K$16,MATCH(K59,K$17:K$34,1),))/(OFFSET(K$16,MATCH(K59,K$17:K$34,1)+1,)-OFFSET(K$16,MATCH(K59,K$17:K$34,1),)))) -> #NAME? | M59: =M44 -> 113.4 | N59: =IF(M$17="","",OFFSET($B$16,MATCH(M59,M$17:M$34,1),_xludf.IFS(M$15="Teste de Esteira Progressiva",1,M$15="Teste Bicicleta ergométrica Balke",2))+((M59-OFFSET(M$16,MATCH(M59,M$17:M$34,1),))/(OFFSET(M$16,MATCH(M59,M$17:M$34,1)+1,)-OFFSET(M$16,MATCH(M59,M$17:M$34,1),)))) -> #NAME? | O59: =O44 -> 104.65 | P59: =IF(O$17="","",OFFSET($B$16,MATCH(O59,O$17:O$34,1),_xludf.IFS(O$15="Teste de Esteira Progressiva",1,O$15="Teste Bicicleta ergométrica Balke",2))+((O59-OFFSET(O$16,MATCH(O59,O$17:O$34,1),))/(OFFSET(O$16,MATCH(O59,O$17:O$34,1)+1,)-OFFSET(O$16,MATCH(O59,O$17:O$34,1),)))) -> #NAME? | Q59: =Q44 -> 106.55 | R59: =IF(Q$17="","",OFFSET($B$16,MATCH(Q59,Q$17:Q$34,1),_xludf.IFS(Q$15="Teste de Esteira Progressiva",1,Q$15="Teste Bicicleta ergométrica Balke",2))+((Q59-OFFSET(Q$16,MATCH(Q59,Q$17:Q$34,1),))/(OFFSET(Q$16,MATCH(Q59,Q$17:Q$34,1)+1,)-OFFSET(Q$16,MATCH(Q59,Q$17:Q$34,1),)))) -> #NAME? | S59: =S44 -> #VALUE! | T59: =IF(S$17="","",OFFSET($B$16,MATCH(S59,S$17:S$34,1),_xludf.IFS(S$15="Teste de Esteira Progressiva",1,S$15="Teste Bicicleta ergométrica Balke",2))+((S59-OFFSET(S$16,MATCH(S59,S$17:S$34,1),))/(OFFSET(S$16,MATCH(S59,S$17:S$34,1)+1,)-OFFSET(S$16,MATCH(S59,S$17:S$34,1),)))) | U59: =U44 -> #VALUE! | V59: =IF(U$17="","",OFFSET($B$16,MATCH(U59,U$17:U$34,1),_xludf.IFS(U$15="Teste de Esteira Progressiva",1,U$15="Teste Bicicleta ergométrica Balke",2))+((U59-OFFSET(U$16,MATCH(U59,U$17:U$34,1),))/(OFFSET(U$16,MATCH(U59,U$17:U$34,1)+1,)-OFFSET(U$16,MATCH(U59,U$17:U$34,1),)))) | W59: =W44 -> #VALUE! | X59: =IF(W$17="","",OFFSET($B$16,MATCH(W59,W$17:W$34,1),_xludf.IFS(W$15="Teste de Esteira Progressiva",1,W$15="Teste Bicicleta ergométrica Balke",2))+((W59-OFFSET(W$16,MATCH(W59,W$17:W$34,1),))/(OFFSET(W$16,MATCH(W59,W$17:W$34,1)+1,)-OFFSET(W$16,MATCH(W59,W$17:W$34,1),)))) | Y59: =Y44 -> #VALUE! | Z59: =IF(Y$17="","",OFFSET($B$16,MATCH(Y59,Y$17:Y$34,1),_xludf.IFS(Y$15="Teste de Esteira Progressiva",1,Y$15="Teste Bicicleta ergométrica Balke",2))+((Y59-OFFSET(Y$16,MATCH(Y59,Y$17:Y$34,1),))/(OFFSET(Y$16,MATCH(Y59,Y$17:Y$34,1)+1,)-OFFSET(Y$16,MATCH(Y59,Y$17:Y$34,1),)))) | AA59: =AA44 -> #VALUE! | AB59: =IF(AA$17="","",OFFSET($B$16,MATCH(AA59,AA$17:AA$34,1),_xludf.IFS(AA$15="Teste de Esteira Progressiva",1,AA$15="Teste Bicicleta ergométrica Balke",2))+((AA59-OFFSET(AA$16,MATCH(AA59,AA$17:AA$34,1),))/(OFFSET(AA$16,MATCH(AA59,AA$17:AA$34,1)+1,)-OFFSET(AA$16,MATCH(AA59,AA$17:AA$34,1),)))) | AC59: =AC44 -> #VALUE! | AD59: =IF(AC$17="","",OFFSET($B$16,MATCH(AC59,AC$17:AC$34,1),_xludf.IFS(AC$15="Teste de Esteira Progressiva",1,AC$15="Teste Bicicleta ergométrica Balke",2))+((AC59-OFFSET(AC$16,MATCH(AC59,AC$17:AC$34,1),))/(OFFSET(AC$16,MATCH(AC59,AC$17:AC$34,1)+1,)-OFFSET(AC$16,MATCH(AC59,AC$17:AC$34,1),)))) | AE59: =AE44 -> #VALUE! | AF59: =IF(AE$17="","",OFFSET($B$16,MATCH(AE59,AE$17:AE$34,1),_xludf.IFS(AE$15="Teste de Esteira Progressiva",1,AE$15="Teste Bicicleta ergométrica Balke",2))+((AE59-OFFSET(AE$16,MATCH(AE59,AE$17:AE$34,1),))/(OFFSET(AE$16,MATCH(AE59,AE$17:AE$34,1)+1,)-OFFSET(AE$16,MATCH(AE59,AE$17:AE$34,1),)))) | AG59: =AG44 -> #VALUE! | AH59: =IF(AG$17="","",OFFSET($B$16,MATCH(AG59,AG$17:AG$34,1),_xludf.IFS(AG$15="Teste de Esteira Progressiva",1,AG$15="Teste Bicicleta ergométrica Balke",2))+((AG59-OFFSET(AG$16,MATCH(AG59,AG$17:AG$34,1),))/(OFFSET(AG$16,MATCH(AG59,AG$17:AG$34,1)+1,)-OFFSET(AG$16,MATCH(AG59,AG$17:AG$34,1),))))
D60: 0.6 | E60: =E45 -> 111 | F60: =IF(E$17="","",OFFSET($B$16,MATCH(E60,E$17:E$34,1),_xludf.IFS(E$15="Teste de Esteira Progressiva",1,E$15="Teste Bicicleta ergométrica Balke",2))+((E60-OFFSET(E$16,MATCH(E60,E$17:E$34,1),))/(OFFSET(E$16,MATCH(E60,E$17:E$34,1)+1,)-OFFSET(E$16,MATCH(E60,E$17:E$34,1),)))) -> #NAME? | G60: =G45 -> 122.4 | H60: =IF(G$17="","",OFFSET($B$16,MATCH(G60,G$17:G$34,1),_xludf.IFS(G$15="Teste de Esteira Progressiva",1,G$15="Teste Bicicleta ergométrica Balke",2))+((G60-OFFSET(G$16,MATCH(G60,G$17:G$34,1),))/(OFFSET(G$16,MATCH(G60,G$17:G$34,1)+1,)-OFFSET(G$16,MATCH(G60,G$17:G$34,1),)))) -> #NAME? | I60: =I45 -> 118.8 | J60: =IF(I$17="","",OFFSET($B$16,MATCH(I60,I$17:I$34,1),_xludf.IFS(I$15="Teste de Esteira Progressiva",1,I$15="Teste Bicicleta ergométrica Balke",2))+((I60-OFFSET(I$16,MATCH(I60,I$17:I$34,1),))/(OFFSET(I$16,MATCH(I60,I$17:I$34,1)+1,)-OFFSET(I$16,MATCH(I60,I$17:I$34,1),)))) -> #NAME? | K60: =K45 -> 122.8 | L60: =IF(K$17="","",OFFSET($B$16,MATCH(K60,K$17:K$34,1),_xludf.IFS(K$15="Teste de Esteira Progressiva",1,K$15="Teste Bicicleta ergométrica Balke",2))+((K60-OFFSET(K$16,MATCH(K60,K$17:K$34,1),))/(OFFSET(K$16,MATCH(K60,K$17:K$34,1)+1,)-OFFSET(K$16,MATCH(K60,K$17:K$34,1),)))) -> #NAME? | M60: =M45 -> 118.8 | N60: =IF(M$17="","",OFFSET($B$16,MATCH(M60,M$17:M$34,1),_xludf.IFS(M$15="Teste de Esteira Progressiva",1,M$15="Teste Bicicleta ergométrica Balke",2))+((M60-OFFSET(M$16,MATCH(M60,M$17:M$34,1),))/(OFFSET(M$16,MATCH(M60,M$17:M$34,1)+1,)-OFFSET(M$16,MATCH(M60,M$17:M$34,1),)))) -> #NAME? | O60: =O45 -> 109.8 | P60: =IF(O$17="","",OFFSET($B$16,MATCH(O60,O$17:O$34,1),_xludf.IFS(O$15="Teste de Esteira Progressiva",1,O$15="Teste Bicicleta ergométrica Balke",2))+((O60-OFFSET(O$16,MATCH(O60,O$17:O$34,1),))/(OFFSET(O$16,MATCH(O60,O$17:O$34,1)+1,)-OFFSET(O$16,MATCH(O60,O$17:O$34,1),)))) -> #NAME? | Q60: =Q45 -> 111.6 | R60: =IF(Q$17="","",OFFSET($B$16,MATCH(Q60,Q$17:Q$34,1),_xludf.IFS(Q$15="Teste de Esteira Progressiva",1,Q$15="Teste Bicicleta ergométrica Balke",2))+((Q60-OFFSET(Q$16,MATCH(Q60,Q$17:Q$34,1),))/(OFFSET(Q$16,MATCH(Q60,Q$17:Q$34,1)+1,)-OFFSET(Q$16,MATCH(Q60,Q$17:Q$34,1),)))) -> #NAME? | S60: =S45 -> #VALUE! | T60: =IF(S$17="","",OFFSET($B$16,MATCH(S60,S$17:S$34,1),_xludf.IFS(S$15="Teste de Esteira Progressiva",1,S$15="Teste Bicicleta ergométrica Balke",2))+((S60-OFFSET(S$16,MATCH(S60,S$17:S$34,1),))/(OFFSET(S$16,MATCH(S60,S$17:S$34,1)+1,)-OFFSET(S$16,MATCH(S60,S$17:S$34,1),)))) | U60: =U45 -> #VALUE! | V60: =IF(U$17="","",OFFSET($B$16,MATCH(U60,U$17:U$34,1),_xludf.IFS(U$15="Teste de Esteira Progressiva",1,U$15="Teste Bicicleta ergométrica Balke",2))+((U60-OFFSET(U$16,MATCH(U60,U$17:U$34,1),))/(OFFSET(U$16,MATCH(U60,U$17:U$34,1)+1,)-OFFSET(U$16,MATCH(U60,U$17:U$34,1),)))) | W60: =W45 -> #VALUE! | X60: =IF(W$17="","",OFFSET($B$16,MATCH(W60,W$17:W$34,1),_xludf.IFS(W$15="Teste de Esteira Progressiva",1,W$15="Teste Bicicleta ergométrica Balke",2))+((W60-OFFSET(W$16,MATCH(W60,W$17:W$34,1),))/(OFFSET(W$16,MATCH(W60,W$17:W$34,1)+1,)-OFFSET(W$16,MATCH(W60,W$17:W$34,1),)))) | Y60: =Y45 -> #VALUE! | Z60: =IF(Y$17="","",OFFSET($B$16,MATCH(Y60,Y$17:Y$34,1),_xludf.IFS(Y$15="Teste de Esteira Progressiva",1,Y$15="Teste Bicicleta ergométrica Balke",2))+((Y60-OFFSET(Y$16,MATCH(Y60,Y$17:Y$34,1),))/(OFFSET(Y$16,MATCH(Y60,Y$17:Y$34,1)+1,)-OFFSET(Y$16,MATCH(Y60,Y$17:Y$34,1),)))) | AA60: =AA45 -> #VALUE! | AB60: =IF(AA$17="","",OFFSET($B$16,MATCH(AA60,AA$17:AA$34,1),_xludf.IFS(AA$15="Teste de Esteira Progressiva",1,AA$15="Teste Bicicleta ergométrica Balke",2))+((AA60-OFFSET(AA$16,MATCH(AA60,AA$17:AA$34,1),))/(OFFSET(AA$16,MATCH(AA60,AA$17:AA$34,1)+1,)-OFFSET(AA$16,MATCH(AA60,AA$17:AA$34,1),)))) | AC60: =AC45 -> #VALUE! | AD60: =IF(AC$17="","",OFFSET($B$16,MATCH(AC60,AC$17:AC$34,1),_xludf.IFS(AC$15="Teste de Esteira Progressiva",1,AC$15="Teste Bicicleta ergométrica Balke",2))+((AC60-OFFSET(AC$16,MATCH(AC60,AC$17:AC$34,1),))/(OFFSET(AC$16,MATCH(AC60,AC$17:AC$34,1)+1,)-OFFSET(AC$16,MATCH(AC60,AC$17:AC$34,1),)))) | AE60: =AE45 -> #VALUE! | AF60: =IF(AE$17="","",OFFSET($B$16,MATCH(AE60,AE$17:AE$34,1),_xludf.IFS(AE$15="Teste de Esteira Progressiva",1,AE$15="Teste Bicicleta ergométrica Balke",2))+((AE60-OFFSET(AE$16,MATCH(AE60,AE$17:AE$34,1),))/(OFFSET(AE$16,MATCH(AE60,AE$17:AE$34,1)+1,)-OFFSET(AE$16,MATCH(AE60,AE$17:AE$34,1),)))) | AG60: =AG45 -> #VALUE! | AH60: =IF(AG$17="","",OFFSET($B$16,MATCH(AG60,AG$17:AG$34,1),_xludf.IFS(AG$15="Teste de Esteira Progressiva",1,AG$15="Teste Bicicleta ergométrica Balke",2))+((AG60-OFFSET(AG$16,MATCH(AG60,AG$17:AG$34,1),))/(OFFSET(AG$16,MATCH(AG60,AG$17:AG$34,1)+1,)-OFFSET(AG$16,MATCH(AG60,AG$17:AG$34,1),))))
D61: 0.65 | E61: =E46 -> 116.5 | F61: =IF(E$17="","",OFFSET($B$16,MATCH(E61,E$17:E$34,1),_xludf.IFS(E$15="Teste de Esteira Progressiva",1,E$15="Teste Bicicleta ergométrica Balke",2))+((E61-OFFSET(E$16,MATCH(E61,E$17:E$34,1),))/(OFFSET(E$16,MATCH(E61,E$17:E$34,1)+1,)-OFFSET(E$16,MATCH(E61,E$17:E$34,1),)))) -> #NAME? | G61: =G46 -> 127.6 | H61: =IF(G$17="","",OFFSET($B$16,MATCH(G61,G$17:G$34,1),_xludf.IFS(G$15="Teste de Esteira Progressiva",1,G$15="Teste Bicicleta ergométrica Balke",2))+((G61-OFFSET(G$16,MATCH(G61,G$17:G$34,1),))/(OFFSET(G$16,MATCH(G61,G$17:G$34,1)+1,)-OFFSET(G$16,MATCH(G61,G$17:G$34,1),)))) -> #NAME? | I61: =I46 -> 123.7 | J61: =IF(I$17="","",OFFSET($B$16,MATCH(I61,I$17:I$34,1),_xludf.IFS(I$15="Teste de Esteira Progressiva",1,I$15="Teste Bicicleta ergométrica Balke",2))+((I61-OFFSET(I$16,MATCH(I61,I$17:I$34,1),))/(OFFSET(I$16,MATCH(I61,I$17:I$34,1)+1,)-OFFSET(I$16,MATCH(I61,I$17:I$34,1),)))) -> #NAME? | K61: =K46 -> 127.7 | L61: =IF(K$17="","",OFFSET($B$16,MATCH(K61,K$17:K$34,1),_xludf.IFS(K$15="Teste de Esteira Progressiva",1,K$15="Teste Bicicleta ergométrica Balke",2))+((K61-OFFSET(K$16,MATCH(K61,K$17:K$34,1),))/(OFFSET(K$16,MATCH(K61,K$17:K$34,1)+1,)-OFFSET(K$16,MATCH(K61,K$17:K$34,1),)))) -> #NAME? | M61: =M46 -> 124.2 | N61: =IF(M$17="","",OFFSET($B$16,MATCH(M61,M$17:M$34,1),_xludf.IFS(M$15="Teste de Esteira Progressiva",1,M$15="Teste Bicicleta ergométrica Balke",2))+((M61-OFFSET(M$16,MATCH(M61,M$17:M$34,1),))/(OFFSET(M$16,MATCH(M61,M$17:M$34,1)+1,)-OFFSET(M$16,MATCH(M61,M$17:M$34,1),)))) -> #NAME? | O61: =O46 -> 114.95 | P61: =IF(O$17="","",OFFSET($B$16,MATCH(O61,O$17:O$34,1),_xludf.IFS(O$15="Teste de Esteira Progressiva",1,O$15="Teste Bicicleta ergométrica Balke",2))+((O61-OFFSET(O$16,MATCH(O61,O$17:O$34,1),))/(OFFSET(O$16,MATCH(O61,O$17:O$34,1)+1,)-OFFSET(O$16,MATCH(O61,O$17:O$34,1),)))) -> #NAME? | Q61: =Q46 -> 116.65 | R61: =IF(Q$17="","",OFFSET($B$16,MATCH(Q61,Q$17:Q$34,1),_xludf.IFS(Q$15="Teste de Esteira Progressiva",1,Q$15="Teste Bicicleta ergométrica Balke",2))+((Q61-OFFSET(Q$16,MATCH(Q61,Q$17:Q$34,1),))/(OFFSET(Q$16,MATCH(Q61,Q$17:Q$34,1)+1,)-OFFSET(Q$16,MATCH(Q61,Q$17:Q$34,1),)))) -> #NAME? | S61: =S46 -> #VALUE! | T61: =IF(S$17="","",OFFSET($B$16,MATCH(S61,S$17:S$34,1),_xludf.IFS(S$15="Teste de Esteira Progressiva",1,S$15="Teste Bicicleta ergométrica Balke",2))+((S61-OFFSET(S$16,MATCH(S61,S$17:S$34,1),))/(OFFSET(S$16,MATCH(S61,S$17:S$34,1)+1,)-OFFSET(S$16,MATCH(S61,S$17:S$34,1),)))) | U61: =U46 -> #VALUE! | V61: =IF(U$17="","",OFFSET($B$16,MATCH(U61,U$17:U$34,1),_xludf.IFS(U$15="Teste de Esteira Progressiva",1,U$15="Teste Bicicleta ergométrica Balke",2))+((U61-OFFSET(U$16,MATCH(U61,U$17:U$34,1),))/(OFFSET(U$16,MATCH(U61,U$17:U$34,1)+1,)-OFFSET(U$16,MATCH(U61,U$17:U$34,1),)))) | W61: =W46 -> #VALUE! | X61: =IF(W$17="","",OFFSET($B$16,MATCH(W61,W$17:W$34,1),_xludf.IFS(W$15="Teste de Esteira Progressiva",1,W$15="Teste Bicicleta ergométrica Balke",2))+((W61-OFFSET(W$16,MATCH(W61,W$17:W$34,1),))/(OFFSET(W$16,MATCH(W61,W$17:W$34,1)+1,)-OFFSET(W$16,MATCH(W61,W$17:W$34,1),)))) | Y61: =Y46 -> #VALUE! | Z61: =IF(Y$17="","",OFFSET($B$16,MATCH(Y61,Y$17:Y$34,1),_xludf.IFS(Y$15="Teste de Esteira Progressiva",1,Y$15="Teste Bicicleta ergométrica Balke",2))+((Y61-OFFSET(Y$16,MATCH(Y61,Y$17:Y$34,1),))/(OFFSET(Y$16,MATCH(Y61,Y$17:Y$34,1)+1,)-OFFSET(Y$16,MATCH(Y61,Y$17:Y$34,1),)))) | AA61: =AA46 -> #VALUE! | AB61: =IF(AA$17="","",OFFSET($B$16,MATCH(AA61,AA$17:AA$34,1),_xludf.IFS(AA$15="Teste de Esteira Progressiva",1,AA$15="Teste Bicicleta ergométrica Balke",2))+((AA61-OFFSET(AA$16,MATCH(AA61,AA$17:AA$34,1),))/(OFFSET(AA$16,MATCH(AA61,AA$17:AA$34,1)+1,)-OFFSET(AA$16,MATCH(AA61,AA$17:AA$34,1),)))) | AC61: =AC46 -> #VALUE! | AD61: =IF(AC$17="","",OFFSET($B$16,MATCH(AC61,AC$17:AC$34,1),_xludf.IFS(AC$15="Teste de Esteira Progressiva",1,AC$15="Teste Bicicleta ergométrica Balke",2))+((AC61-OFFSET(AC$16,MATCH(AC61,AC$17:AC$34,1),))/(OFFSET(AC$16,MATCH(AC61,AC$17:AC$34,1)+1,)-OFFSET(AC$16,MATCH(AC61,AC$17:AC$34,1),)))) | AE61: =AE46 -> #VALUE! | AF61: =IF(AE$17="","",OFFSET($B$16,MATCH(AE61,AE$17:AE$34,1),_xludf.IFS(AE$15="Teste de Esteira Progressiva",1,AE$15="Teste Bicicleta ergométrica Balke",2))+((AE61-OFFSET(AE$16,MATCH(AE61,AE$17:AE$34,1),))/(OFFSET(AE$16,MATCH(AE61,AE$17:AE$34,1)+1,)-OFFSET(AE$16,MATCH(AE61,AE$17:AE$34,1),)))) | AG61: =AG46 -> #VALUE! | AH61: =IF(AG$17="","",OFFSET($B$16,MATCH(AG61,AG$17:AG$34,1),_xludf.IFS(AG$15="Teste de Esteira Progressiva",1,AG$15="Teste Bicicleta ergométrica Balke",2))+((AG61-OFFSET(AG$16,MATCH(AG61,AG$17:AG$34,1),))/(OFFSET(AG$16,MATCH(AG61,AG$17:AG$34,1)+1,)-OFFSET(AG$16,MATCH(AG61,AG$17:AG$34,1),))))
D62: 0.7 | E62: =E47 -> 122 | F62: =IF(E$17="","",OFFSET($B$16,MATCH(E62,E$17:E$34,1),_xludf.IFS(E$15="Teste de Esteira Progressiva",1,E$15="Teste Bicicleta ergométrica Balke",2))+((E62-OFFSET(E$16,MATCH(E62,E$17:E$34,1),))/(OFFSET(E$16,MATCH(E62,E$17:E$34,1)+1,)-OFFSET(E$16,MATCH(E62,E$17:E$34,1),)))) -> #NAME? | G62: =G47 -> 132.8 | H62: =IF(G$17="","",OFFSET($B$16,MATCH(G62,G$17:G$34,1),_xludf.IFS(G$15="Teste de Esteira Progressiva",1,G$15="Teste Bicicleta ergométrica Balke",2))+((G62-OFFSET(G$16,MATCH(G62,G$17:G$34,1),))/(OFFSET(G$16,MATCH(G62,G$17:G$34,1)+1,)-OFFSET(G$16,MATCH(G62,G$17:G$34,1),)))) -> #NAME? | I62: =I47 -> 128.6 | J62: =IF(I$17="","",OFFSET($B$16,MATCH(I62,I$17:I$34,1),_xludf.IFS(I$15="Teste de Esteira Progressiva",1,I$15="Teste Bicicleta ergométrica Balke",2))+((I62-OFFSET(I$16,MATCH(I62,I$17:I$34,1),))/(OFFSET(I$16,MATCH(I62,I$17:I$34,1)+1,)-OFFSET(I$16,MATCH(I62,I$17:I$34,1),)))) -> #NAME? | K62: =K47 -> 132.6 | L62: =IF(K$17="","",OFFSET($B$16,MATCH(K62,K$17:K$34,1),_xludf.IFS(K$15="Teste de Esteira Progressiva",1,K$15="Teste Bicicleta ergométrica Balke",2))+((K62-OFFSET(K$16,MATCH(K62,K$17:K$34,1),))/(OFFSET(K$16,MATCH(K62,K$17:K$34,1)+1,)-OFFSET(K$16,MATCH(K62,K$17:K$34,1),)))) -> #NAME? | M62: =M47 -> 129.6 | N62: =IF(M$17="","",OFFSET($B$16,MATCH(M62,M$17:M$34,1),_xludf.IFS(M$15="Teste de Esteira Progressiva",1,M$15="Teste Bicicleta ergométrica Balke",2))+((M62-OFFSET(M$16,MATCH(M62,M$17:M$34,1),))/(OFFSET(M$16,MATCH(M62,M$17:M$34,1)+1,)-OFFSET(M$16,MATCH(M62,M$17:M$34,1),)))) -> #NAME? | O62: =O47 -> 120.1 | P62: =IF(O$17="","",OFFSET($B$16,MATCH(O62,O$17:O$34,1),_xludf.IFS(O$15="Teste de Esteira Progressiva",1,O$15="Teste Bicicleta ergométrica Balke",2))+((O62-OFFSET(O$16,MATCH(O62,O$17:O$34,1),))/(OFFSET(O$16,MATCH(O62,O$17:O$34,1)+1,)-OFFSET(O$16,MATCH(O62,O$17:O$34,1),)))) -> #NAME? | Q62: =Q47 -> 121.7 | R62: =42/5 -> 8.4 | S62: =S47 -> #VALUE! | T62: =IF(S$17="","",OFFSET($B$16,MATCH(S62,S$17:S$34,1),_xludf.IFS(S$15="Teste de Esteira Progressiva",1,S$15="Teste Bicicleta ergométrica Balke",2))+((S62-OFFSET(S$16,MATCH(S62,S$17:S$34,1),))/(OFFSET(S$16,MATCH(S62,S$17:S$34,1)+1,)-OFFSET(S$16,MATCH(S62,S$17:S$34,1),)))) | U62: =U47 -> #VALUE! | V62: =IF(U$17="","",OFFSET($B$16,MATCH(U62,U$17:U$34,1),_xludf.IFS(U$15="Teste de Esteira Progressiva",1,U$15="Teste Bicicleta ergométrica Balke",2))+((U62-OFFSET(U$16,MATCH(U62,U$17:U$34,1),))/(OFFSET(U$16,MATCH(U62,U$17:U$34,1)+1,)-OFFSET(U$16,MATCH(U62,U$17:U$34,1),)))) | W62: =W47 -> #VALUE! | X62: =IF(W$17="","",OFFSET($B$16,MATCH(W62,W$17:W$34,1),_xludf.IFS(W$15="Teste de Esteira Progressiva",1,W$15="Teste Bicicleta ergométrica Balke",2))+((W62-OFFSET(W$16,MATCH(W62,W$17:W$34,1),))/(OFFSET(W$16,MATCH(W62,W$17:W$34,1)+1,)-OFFSET(W$16,MATCH(W62,W$17:W$34,1),)))) | Y62: =Y47 -> #VALUE! | Z62: =IF(Y$17="","",OFFSET($B$16,MATCH(Y62,Y$17:Y$34,1),_xludf.IFS(Y$15="Teste de Esteira Progressiva",1,Y$15="Teste Bicicleta ergométrica Balke",2))+((Y62-OFFSET(Y$16,MATCH(Y62,Y$17:Y$34,1),))/(OFFSET(Y$16,MATCH(Y62,Y$17:Y$34,1)+1,)-OFFSET(Y$16,MATCH(Y62,Y$17:Y$34,1),)))) | AA62: =AA47 -> #VALUE! | AB62: =IF(AA$17="","",OFFSET($B$16,MATCH(AA62,AA$17:AA$34,1),_xludf.IFS(AA$15="Teste de Esteira Progressiva",1,AA$15="Teste Bicicleta ergométrica Balke",2))+((AA62-OFFSET(AA$16,MATCH(AA62,AA$17:AA$34,1),))/(OFFSET(AA$16,MATCH(AA62,AA$17:AA$34,1)+1,)-OFFSET(AA$16,MATCH(AA62,AA$17:AA$34,1),)))) | AC62: =AC47 -> #VALUE! | AD62: =IF(AC$17="","",OFFSET($B$16,MATCH(AC62,AC$17:AC$34,1),_xludf.IFS(AC$15="Teste de Esteira Progressiva",1,AC$15="Teste Bicicleta ergométrica Balke",2))+((AC62-OFFSET(AC$16,MATCH(AC62,AC$17:AC$34,1),))/(OFFSET(AC$16,MATCH(AC62,AC$17:AC$34,1)+1,)-OFFSET(AC$16,MATCH(AC62,AC$17:AC$34,1),)))) | AE62: =AE47 -> #VALUE! | AF62: =IF(AE$17="","",OFFSET($B$16,MATCH(AE62,AE$17:AE$34,1),_xludf.IFS(AE$15="Teste de Esteira Progressiva",1,AE$15="Teste Bicicleta ergométrica Balke",2))+((AE62-OFFSET(AE$16,MATCH(AE62,AE$17:AE$34,1),))/(OFFSET(AE$16,MATCH(AE62,AE$17:AE$34,1)+1,)-OFFSET(AE$16,MATCH(AE62,AE$17:AE$34,1),)))) | AG62: =AG47 -> #VALUE! | AH62: =IF(AG$17="","",OFFSET($B$16,MATCH(AG62,AG$17:AG$34,1),_xludf.IFS(AG$15="Teste de Esteira Progressiva",1,AG$15="Teste Bicicleta ergométrica Balke",2))+((AG62-OFFSET(AG$16,MATCH(AG62,AG$17:AG$34,1),))/(OFFSET(AG$16,MATCH(AG62,AG$17:AG$34,1)+1,)-OFFSET(AG$16,MATCH(AG62,AG$17:AG$34,1),))))
D63: 0.75 | E63: =E48 -> 127.5 | F63: =IF(E$17="","",OFFSET($B$16,MATCH(E63,E$17:E$34,1),_xludf.IFS(E$15="Teste de Esteira Progressiva",1,E$15="Teste Bicicleta ergométrica Balke",2))+((E63-OFFSET(E$16,MATCH(E63,E$17:E$34,1),))/(OFFSET(E$16,MATCH(E63,E$17:E$34,1)+1,)-OFFSET(E$16,MATCH(E63,E$17:E$34,1),)))) -> #NAME? | G63: =G48 -> 138 | H63: =IF(G$17="","",OFFSET($B$16,MATCH(G63,G$17:G$34,1),_xludf.IFS(G$15="Teste de Esteira Progressiva",1,G$15="Teste Bicicleta ergométrica Balke",2))+((G63-OFFSET(G$16,MATCH(G63,G$17:G$34,1),))/(OFFSET(G$16,MATCH(G63,G$17:G$34,1)+1,)-OFFSET(G$16,MATCH(G63,G$17:G$34,1),)))) -> #NAME? | I63: =I48 -> 133.5 | J63: =IF(I$17="","",OFFSET($B$16,MATCH(I63,I$17:I$34,1),_xludf.IFS(I$15="Teste de Esteira Progressiva",1,I$15="Teste Bicicleta ergométrica Balke",2))+((I63-OFFSET(I$16,MATCH(I63,I$17:I$34,1),))/(OFFSET(I$16,MATCH(I63,I$17:I$34,1)+1,)-OFFSET(I$16,MATCH(I63,I$17:I$34,1),)))) -> #NAME? | K63: =K48 -> 137.5 | L63: =IF(K$17="","",OFFSET($B$16,MATCH(K63,K$17:K$34,1),_xludf.IFS(K$15="Teste de Esteira Progressiva",1,K$15="Teste Bicicleta ergométrica Balke",2))+((K63-OFFSET(K$16,MATCH(K63,K$17:K$34,1),))/(OFFSET(K$16,MATCH(K63,K$17:K$34,1)+1,)-OFFSET(K$16,MATCH(K63,K$17:K$34,1),)))) -> #NAME? | M63: =M48 -> 135 | N63: =IF(M$17="","",OFFSET($B$16,MATCH(M63,M$17:M$34,1),_xludf.IFS(M$15="Teste de Esteira Progressiva",1,M$15="Teste Bicicleta ergométrica Balke",2))+((M63-OFFSET(M$16,MATCH(M63,M$17:M$34,1),))/(OFFSET(M$16,MATCH(M63,M$17:M$34,1)+1,)-OFFSET(M$16,MATCH(M63,M$17:M$34,1),)))) -> #NAME? | O63: =O48 -> 125.25 | P63: =IF(O$17="","",OFFSET($B$16,MATCH(O63,O$17:O$34,1),_xludf.IFS(O$15="Teste de Esteira Progressiva",1,O$15="Teste Bicicleta ergométrica Balke",2))+((O63-OFFSET(O$16,MATCH(O63,O$17:O$34,1),))/(OFFSET(O$16,MATCH(O63,O$17:O$34,1)+1,)-OFFSET(O$16,MATCH(O63,O$17:O$34,1),)))) -> #NAME? | Q63: =Q48 -> 126.75 | R63: =IF(Q$17="","",OFFSET($B$16,MATCH(Q63,Q$17:Q$34,1),_xludf.IFS(Q$15="Teste de Esteira Progressiva",1,Q$15="Teste Bicicleta ergométrica Balke",2))+((Q63-OFFSET(Q$16,MATCH(Q63,Q$17:Q$34,1),))/(OFFSET(Q$16,MATCH(Q63,Q$17:Q$34,1)+1,)-OFFSET(Q$16,MATCH(Q63,Q$17:Q$34,1),)))) -> #NAME? | S63: =S48 -> #VALUE! | T63: =IF(S$17="","",OFFSET($B$16,MATCH(S63,S$17:S$34,1),_xludf.IFS(S$15="Teste de Esteira Progressiva",1,S$15="Teste Bicicleta ergométrica Balke",2))+((S63-OFFSET(S$16,MATCH(S63,S$17:S$34,1),))/(OFFSET(S$16,MATCH(S63,S$17:S$34,1)+1,)-OFFSET(S$16,MATCH(S63,S$17:S$34,1),)))) | U63: =U48 -> #VALUE! | V63: =IF(U$17="","",OFFSET($B$16,MATCH(U63,U$17:U$34,1),_xludf.IFS(U$15="Teste de Esteira Progressiva",1,U$15="Teste Bicicleta ergométrica Balke",2))+((U63-OFFSET(U$16,MATCH(U63,U$17:U$34,1),))/(OFFSET(U$16,MATCH(U63,U$17:U$34,1)+1,)-OFFSET(U$16,MATCH(U63,U$17:U$34,1),)))) | W63: =W48 -> #VALUE! | X63: =IF(W$17="","",OFFSET($B$16,MATCH(W63,W$17:W$34,1),_xludf.IFS(W$15="Teste de Esteira Progressiva",1,W$15="Teste Bicicleta ergométrica Balke",2))+((W63-OFFSET(W$16,MATCH(W63,W$17:W$34,1),))/(OFFSET(W$16,MATCH(W63,W$17:W$34,1)+1,)-OFFSET(W$16,MATCH(W63,W$17:W$34,1),)))) | Y63: =Y48 -> #VALUE! | Z63: =IF(Y$17="","",OFFSET($B$16,MATCH(Y63,Y$17:Y$34,1),_xludf.IFS(Y$15="Teste de Esteira Progressiva",1,Y$15="Teste Bicicleta ergométrica Balke",2))+((Y63-OFFSET(Y$16,MATCH(Y63,Y$17:Y$34,1),))/(OFFSET(Y$16,MATCH(Y63,Y$17:Y$34,1)+1,)-OFFSET(Y$16,MATCH(Y63,Y$17:Y$34,1),)))) | AA63: =AA48 -> #VALUE! | AB63: =IF(AA$17="","",OFFSET($B$16,MATCH(AA63,AA$17:AA$34,1),_xludf.IFS(AA$15="Teste de Esteira Progressiva",1,AA$15="Teste Bicicleta ergométrica Balke",2))+((AA63-OFFSET(AA$16,MATCH(AA63,AA$17:AA$34,1),))/(OFFSET(AA$16,MATCH(AA63,AA$17:AA$34,1)+1,)-OFFSET(AA$16,MATCH(AA63,AA$17:AA$34,1),)))) | AC63: =AC48 -> #VALUE! | AD63: =IF(AC$17="","",OFFSET($B$16,MATCH(AC63,AC$17:AC$34,1),_xludf.IFS(AC$15="Teste de Esteira Progressiva",1,AC$15="Teste Bicicleta ergométrica Balke",2))+((AC63-OFFSET(AC$16,MATCH(AC63,AC$17:AC$34,1),))/(OFFSET(AC$16,MATCH(AC63,AC$17:AC$34,1)+1,)-OFFSET(AC$16,MATCH(AC63,AC$17:AC$34,1),)))) | AE63: =AE48 -> #VALUE! | AF63: =IF(AE$17="","",OFFSET($B$16,MATCH(AE63,AE$17:AE$34,1),_xludf.IFS(AE$15="Teste de Esteira Progressiva",1,AE$15="Teste Bicicleta ergométrica Balke",2))+((AE63-OFFSET(AE$16,MATCH(AE63,AE$17:AE$34,1),))/(OFFSET(AE$16,MATCH(AE63,AE$17:AE$34,1)+1,)-OFFSET(AE$16,MATCH(AE63,AE$17:AE$34,1),)))) | AG63: =AG48 -> #VALUE! | AH63: =IF(AG$17="","",OFFSET($B$16,MATCH(AG63,AG$17:AG$34,1),_xludf.IFS(AG$15="Teste de Esteira Progressiva",1,AG$15="Teste Bicicleta ergométrica Balke",2))+((AG63-OFFSET(AG$16,MATCH(AG63,AG$17:AG$34,1),))/(OFFSET(AG$16,MATCH(AG63,AG$17:AG$34,1)+1,)-OFFSET(AG$16,MATCH(AG63,AG$17:AG$34,1),))))
D64: 0.8 | E64: =E49 -> 133 | F64: =IF(E$17="","",OFFSET($B$16,MATCH(E64,E$17:E$34,1),_xludf.IFS(E$15="Teste de Esteira Progressiva",1,E$15="Teste Bicicleta ergométrica Balke",2))+((E64-OFFSET(E$16,MATCH(E64,E$17:E$34,1),))/(OFFSET(E$16,MATCH(E64,E$17:E$34,1)+1,)-OFFSET(E$16,MATCH(E64,E$17:E$34,1),)))) -> #NAME? | G64: =G49 -> 143.2 | H64: =IF(G$17="","",OFFSET($B$16,MATCH(G64,G$17:G$34,1),_xludf.IFS(G$15="Teste de Esteira Progressiva",1,G$15="Teste Bicicleta ergométrica Balke",2))+((G64-OFFSET(G$16,MATCH(G64,G$17:G$34,1),))/(OFFSET(G$16,MATCH(G64,G$17:G$34,1)+1,)-OFFSET(G$16,MATCH(G64,G$17:G$34,1),)))) -> #NAME? | I64: =I49 -> 138.4 | J64: =IF(I$17="","",OFFSET($B$16,MATCH(I64,I$17:I$34,1),_xludf.IFS(I$15="Teste de Esteira Progressiva",1,I$15="Teste Bicicleta ergométrica Balke",2))+((I64-OFFSET(I$16,MATCH(I64,I$17:I$34,1),))/(OFFSET(I$16,MATCH(I64,I$17:I$34,1)+1,)-OFFSET(I$16,MATCH(I64,I$17:I$34,1),)))) -> #NAME? | K64: =K49 -> 142.4 | L64: =IF(K$17="","",OFFSET($B$16,MATCH(K64,K$17:K$34,1),_xludf.IFS(K$15="Teste de Esteira Progressiva",1,K$15="Teste Bicicleta ergométrica Balke",2))+((K64-OFFSET(K$16,MATCH(K64,K$17:K$34,1),))/(OFFSET(K$16,MATCH(K64,K$17:K$34,1)+1,)-OFFSET(K$16,MATCH(K64,K$17:K$34,1),)))) -> #NAME? | M64: =M49 -> 140.4 | N64: =IF(M$17="","",OFFSET($B$16,MATCH(M64,M$17:M$34,1),_xludf.IFS(M$15="Teste de Esteira Progressiva",1,M$15="Teste Bicicleta ergométrica Balke",2))+((M64-OFFSET(M$16,MATCH(M64,M$17:M$34,1),))/(OFFSET(M$16,MATCH(M64,M$17:M$34,1)+1,)-OFFSET(M$16,MATCH(M64,M$17:M$34,1),)))) -> #NAME? | O64: =O49 -> 130.4 | P64: =IF(O$17="","",OFFSET($B$16,MATCH(O64,O$17:O$34,1),_xludf.IFS(O$15="Teste de Esteira Progressiva",1,O$15="Teste Bicicleta ergométrica Balke",2))+((O64-OFFSET(O$16,MATCH(O64,O$17:O$34,1),))/(OFFSET(O$16,MATCH(O64,O$17:O$34,1)+1,)-OFFSET(O$16,MATCH(O64,O$17:O$34,1),)))) -> #NAME? | Q64: =Q49 -> 131.8 | R64: =IF(Q$17="","",OFFSET($B$16,MATCH(Q64,Q$17:Q$34,1),_xludf.IFS(Q$15="Teste de Esteira Progressiva",1,Q$15="Teste Bicicleta ergométrica Balke",2))+((Q64-OFFSET(Q$16,MATCH(Q64,Q$17:Q$34,1),))/(OFFSET(Q$16,MATCH(Q64,Q$17:Q$34,1)+1,)-OFFSET(Q$16,MATCH(Q64,Q$17:Q$34,1),)))) -> #NAME? | S64: =S49 -> #VALUE! | T64: =IF(S$17="","",OFFSET($B$16,MATCH(S64,S$17:S$34,1),_xludf.IFS(S$15="Teste de Esteira Progressiva",1,S$15="Teste Bicicleta ergométrica Balke",2))+((S64-OFFSET(S$16,MATCH(S64,S$17:S$34,1),))/(OFFSET(S$16,MATCH(S64,S$17:S$34,1)+1,)-OFFSET(S$16,MATCH(S64,S$17:S$34,1),)))) | U64: =U49 -> #VALUE! | V64: =IF(U$17="","",OFFSET($B$16,MATCH(U64,U$17:U$34,1),_xludf.IFS(U$15="Teste de Esteira Progressiva",1,U$15="Teste Bicicleta ergométrica Balke",2))+((U64-OFFSET(U$16,MATCH(U64,U$17:U$34,1),))/(OFFSET(U$16,MATCH(U64,U$17:U$34,1)+1,)-OFFSET(U$16,MATCH(U64,U$17:U$34,1),)))) | W64: =W49 -> #VALUE! | X64: =IF(W$17="","",OFFSET($B$16,MATCH(W64,W$17:W$34,1),_xludf.IFS(W$15="Teste de Esteira Progressiva",1,W$15="Teste Bicicleta ergométrica Balke",2))+((W64-OFFSET(W$16,MATCH(W64,W$17:W$34,1),))/(OFFSET(W$16,MATCH(W64,W$17:W$34,1)+1,)-OFFSET(W$16,MATCH(W64,W$17:W$34,1),)))) | Y64: =Y49 -> #VALUE! | Z64: =IF(Y$17="","",OFFSET($B$16,MATCH(Y64,Y$17:Y$34,1),_xludf.IFS(Y$15="Teste de Esteira Progressiva",1,Y$15="Teste Bicicleta ergométrica Balke",2))+((Y64-OFFSET(Y$16,MATCH(Y64,Y$17:Y$34,1),))/(OFFSET(Y$16,MATCH(Y64,Y$17:Y$34,1)+1,)-OFFSET(Y$16,MATCH(Y64,Y$17:Y$34,1),)))) | AA64: =AA49 -> #VALUE! | AB64: =IF(AA$17="","",OFFSET($B$16,MATCH(AA64,AA$17:AA$34,1),_xludf.IFS(AA$15="Teste de Esteira Progressiva",1,AA$15="Teste Bicicleta ergométrica Balke",2))+((AA64-OFFSET(AA$16,MATCH(AA64,AA$17:AA$34,1),))/(OFFSET(AA$16,MATCH(AA64,AA$17:AA$34,1)+1,)-OFFSET(AA$16,MATCH(AA64,AA$17:AA$34,1),)))) | AC64: =AC49 -> #VALUE! | AD64: =IF(AC$17="","",OFFSET($B$16,MATCH(AC64,AC$17:AC$34,1),_xludf.IFS(AC$15="Teste de Esteira Progressiva",1,AC$15="Teste Bicicleta ergométrica Balke",2))+((AC64-OFFSET(AC$16,MATCH(AC64,AC$17:AC$34,1),))/(OFFSET(AC$16,MATCH(AC64,AC$17:AC$34,1)+1,)-OFFSET(AC$16,MATCH(AC64,AC$17:AC$34,1),)))) | AE64: =AE49 -> #VALUE! | AF64: =IF(AE$17="","",OFFSET($B$16,MATCH(AE64,AE$17:AE$34,1),_xludf.IFS(AE$15="Teste de Esteira Progressiva",1,AE$15="Teste Bicicleta ergométrica Balke",2))+((AE64-OFFSET(AE$16,MATCH(AE64,AE$17:AE$34,1),))/(OFFSET(AE$16,MATCH(AE64,AE$17:AE$34,1)+1,)-OFFSET(AE$16,MATCH(AE64,AE$17:AE$34,1),)))) | AG64: =AG49 -> #VALUE! | AH64: =IF(AG$17="","",OFFSET($B$16,MATCH(AG64,AG$17:AG$34,1),_xludf.IFS(AG$15="Teste de Esteira Progressiva",1,AG$15="Teste Bicicleta ergométrica Balke",2))+((AG64-OFFSET(AG$16,MATCH(AG64,AG$17:AG$34,1),))/(OFFSET(AG$16,MATCH(AG64,AG$17:AG$34,1)+1,)-OFFSET(AG$16,MATCH(AG64,AG$17:AG$34,1),))))
D65: 0.85 | E65: =E50 -> 138.5 | F65: =IF(E$17="","",OFFSET($B$16,MATCH(E65,E$17:E$34,1),_xludf.IFS(E$15="Teste de Esteira Progressiva",1,E$15="Teste Bicicleta ergométrica Balke",2))+((E65-OFFSET(E$16,MATCH(E65,E$17:E$34,1),))/(OFFSET(E$16,MATCH(E65,E$17:E$34,1)+1,)-OFFSET(E$16,MATCH(E65,E$17:E$34,1),)))) -> #NAME? | G65: =G50 -> 148.4 | H65: =IF(G$17="","",OFFSET($B$16,MATCH(G65,G$17:G$34,1),_xludf.IFS(G$15="Teste de Esteira Progressiva",1,G$15="Teste Bicicleta ergométrica Balke",2))+((G65-OFFSET(G$16,MATCH(G65,G$17:G$34,1),))/(OFFSET(G$16,MATCH(G65,G$17:G$34,1)+1,)-OFFSET(G$16,MATCH(G65,G$17:G$34,1),)))) -> #NAME? | I65: =I50 -> 143.3 | J65: =IF(I$17="","",OFFSET($B$16,MATCH(I65,I$17:I$34,1),_xludf.IFS(I$15="Teste de Esteira Progressiva",1,I$15="Teste Bicicleta ergométrica Balke",2))+((I65-OFFSET(I$16,MATCH(I65,I$17:I$34,1),))/(OFFSET(I$16,MATCH(I65,I$17:I$34,1)+1,)-OFFSET(I$16,MATCH(I65,I$17:I$34,1),)))) -> #NAME? | K65: =K50 -> 147.3 | L65: =IF(K$17="","",OFFSET($B$16,MATCH(K65,K$17:K$34,1),_xludf.IFS(K$15="Teste de Esteira Progressiva",1,K$15="Teste Bicicleta ergométrica Balke",2))+((K65-OFFSET(K$16,MATCH(K65,K$17:K$34,1),))/(OFFSET(K$16,MATCH(K65,K$17:K$34,1)+1,)-OFFSET(K$16,MATCH(K65,K$17:K$34,1),)))) -> #NAME? | M65: =M50 -> 145.8 | N65: =IF(M$17="","",OFFSET($B$16,MATCH(M65,M$17:M$34,1),_xludf.IFS(M$15="Teste de Esteira Progressiva",1,M$15="Teste Bicicleta ergométrica Balke",2))+((M65-OFFSET(M$16,MATCH(M65,M$17:M$34,1),))/(OFFSET(M$16,MATCH(M65,M$17:M$34,1)+1,)-OFFSET(M$16,MATCH(M65,M$17:M$34,1),)))) -> #NAME? | O65: =O50 -> 135.55 | P65: =IF(O$17="","",OFFSET($B$16,MATCH(O65,O$17:O$34,1),_xludf.IFS(O$15="Teste de Esteira Progressiva",1,O$15="Teste Bicicleta ergométrica Balke",2))+((O65-OFFSET(O$16,MATCH(O65,O$17:O$34,1),))/(OFFSET(O$16,MATCH(O65,O$17:O$34,1)+1,)-OFFSET(O$16,MATCH(O65,O$17:O$34,1),)))) -> #NAME? | Q65: =Q50 -> 136.85 | R65: =IF(Q$17="","",OFFSET($B$16,MATCH(Q65,Q$17:Q$34,1),_xludf.IFS(Q$15="Teste de Esteira Progressiva",1,Q$15="Teste Bicicleta ergométrica Balke",2))+((Q65-OFFSET(Q$16,MATCH(Q65,Q$17:Q$34,1),))/(OFFSET(Q$16,MATCH(Q65,Q$17:Q$34,1)+1,)-OFFSET(Q$16,MATCH(Q65,Q$17:Q$34,1),)))) -> #NAME? | S65: =S50 -> #VALUE! | T65: =IF(S$17="","",OFFSET($B$16,MATCH(S65,S$17:S$34,1),_xludf.IFS(S$15="Teste de Esteira Progressiva",1,S$15="Teste Bicicleta ergométrica Balke",2))+((S65-OFFSET(S$16,MATCH(S65,S$17:S$34,1),))/(OFFSET(S$16,MATCH(S65,S$17:S$34,1)+1,)-OFFSET(S$16,MATCH(S65,S$17:S$34,1),)))) | U65: =U50 -> #VALUE! | V65: =IF(U$17="","",OFFSET($B$16,MATCH(U65,U$17:U$34,1),_xludf.IFS(U$15="Teste de Esteira Progressiva",1,U$15="Teste Bicicleta ergométrica Balke",2))+((U65-OFFSET(U$16,MATCH(U65,U$17:U$34,1),))/(OFFSET(U$16,MATCH(U65,U$17:U$34,1)+1,)-OFFSET(U$16,MATCH(U65,U$17:U$34,1),)))) | W65: =W50 -> #VALUE! | X65: =IF(W$17="","",OFFSET($B$16,MATCH(W65,W$17:W$34,1),_xludf.IFS(W$15="Teste de Esteira Progressiva",1,W$15="Teste Bicicleta ergométrica Balke",2))+((W65-OFFSET(W$16,MATCH(W65,W$17:W$34,1),))/(OFFSET(W$16,MATCH(W65,W$17:W$34,1)+1,)-OFFSET(W$16,MATCH(W65,W$17:W$34,1),)))) | Y65: =Y50 -> #VALUE! | Z65: =IF(Y$17="","",OFFSET($B$16,MATCH(Y65,Y$17:Y$34,1),_xludf.IFS(Y$15="Teste de Esteira Progressiva",1,Y$15="Teste Bicicleta ergométrica Balke",2))+((Y65-OFFSET(Y$16,MATCH(Y65,Y$17:Y$34,1),))/(OFFSET(Y$16,MATCH(Y65,Y$17:Y$34,1)+1,)-OFFSET(Y$16,MATCH(Y65,Y$17:Y$34,1),)))) | AA65: =AA50 -> #VALUE! | AB65: =IF(AA$17="","",OFFSET($B$16,MATCH(AA65,AA$17:AA$34,1),_xludf.IFS(AA$15="Teste de Esteira Progressiva",1,AA$15="Teste Bicicleta ergométrica Balke",2))+((AA65-OFFSET(AA$16,MATCH(AA65,AA$17:AA$34,1),))/(OFFSET(AA$16,MATCH(AA65,AA$17:AA$34,1)+1,)-OFFSET(AA$16,MATCH(AA65,AA$17:AA$34,1),)))) | AC65: =AC50 -> #VALUE! | AD65: =IF(AC$17="","",OFFSET($B$16,MATCH(AC65,AC$17:AC$34,1),_xludf.IFS(AC$15="Teste de Esteira Progressiva",1,AC$15="Teste Bicicleta ergométrica Balke",2))+((AC65-OFFSET(AC$16,MATCH(AC65,AC$17:AC$34,1),))/(OFFSET(AC$16,MATCH(AC65,AC$17:AC$34,1)+1,)-OFFSET(AC$16,MATCH(AC65,AC$17:AC$34,1),)))) | AE65: =AE50 -> #VALUE! | AF65: =IF(AE$17="","",OFFSET($B$16,MATCH(AE65,AE$17:AE$34,1),_xludf.IFS(AE$15="Teste de Esteira Progressiva",1,AE$15="Teste Bicicleta ergométrica Balke",2))+((AE65-OFFSET(AE$16,MATCH(AE65,AE$17:AE$34,1),))/(OFFSET(AE$16,MATCH(AE65,AE$17:AE$34,1)+1,)-OFFSET(AE$16,MATCH(AE65,AE$17:AE$34,1),)))) | AG65: =AG50 -> #VALUE! | AH65: =IF(AG$17="","",OFFSET($B$16,MATCH(AG65,AG$17:AG$34,1),_xludf.IFS(AG$15="Teste de Esteira Progressiva",1,AG$15="Teste Bicicleta ergométrica Balke",2))+((AG65-OFFSET(AG$16,MATCH(AG65,AG$17:AG$34,1),))/(OFFSET(AG$16,MATCH(AG65,AG$17:AG$34,1)+1,)-OFFSET(AG$16,MATCH(AG65,AG$17:AG$34,1),))))
D66: 0.9 | E66: =E51 -> 144 | F66: =IF(E$17="","",OFFSET($B$16,MATCH(E66,E$17:E$34,1),_xludf.IFS(E$15="Teste de Esteira Progressiva",1,E$15="Teste Bicicleta ergométrica Balke",2))+((E66-OFFSET(E$16,MATCH(E66,E$17:E$34,1),))/(OFFSET(E$16,MATCH(E66,E$17:E$34,1)+1,)-OFFSET(E$16,MATCH(E66,E$17:E$34,1),)))) -> #NAME? | G66: =G51 -> 153.6 | H66: =IF(G$17="","",OFFSET($B$16,MATCH(G66,G$17:G$34,1),_xludf.IFS(G$15="Teste de Esteira Progressiva",1,G$15="Teste Bicicleta ergométrica Balke",2))+((G66-OFFSET(G$16,MATCH(G66,G$17:G$34,1),))/(OFFSET(G$16,MATCH(G66,G$17:G$34,1)+1,)-OFFSET(G$16,MATCH(G66,G$17:G$34,1),)))) -> #NAME? | I66: =I51 -> 148.2 | J66: =IF(I$17="","",OFFSET($B$16,MATCH(I66,I$17:I$34,1),_xludf.IFS(I$15="Teste de Esteira Progressiva",1,I$15="Teste Bicicleta ergométrica Balke",2))+((I66-OFFSET(I$16,MATCH(I66,I$17:I$34,1),))/(OFFSET(I$16,MATCH(I66,I$17:I$34,1)+1,)-OFFSET(I$16,MATCH(I66,I$17:I$34,1),)))) -> #NAME? | K66: =K51 -> 152.2 | L66: =IF(K$17="","",OFFSET($B$16,MATCH(K66,K$17:K$34,1),_xludf.IFS(K$15="Teste de Esteira Progressiva",1,K$15="Teste Bicicleta ergométrica Balke",2))+((K66-OFFSET(K$16,MATCH(K66,K$17:K$34,1),))/(OFFSET(K$16,MATCH(K66,K$17:K$34,1)+1,)-OFFSET(K$16,MATCH(K66,K$17:K$34,1),)))) -> #NAME? | M66: =M51 -> 151.2 | N66: =IF(M$17="","",OFFSET($B$16,MATCH(M66,M$17:M$34,1),_xludf.IFS(M$15="Teste de Esteira Progressiva",1,M$15="Teste Bicicleta ergométrica Balke",2))+((M66-OFFSET(M$16,MATCH(M66,M$17:M$34,1),))/(OFFSET(M$16,MATCH(M66,M$17:M$34,1)+1,)-OFFSET(M$16,MATCH(M66,M$17:M$34,1),)))) -> #NAME? | O66: =O51 -> 140.7 | P66: =IF(O$17="","",OFFSET($B$16,MATCH(O66,O$17:O$34,1),_xludf.IFS(O$15="Teste de Esteira Progressiva",1,O$15="Teste Bicicleta ergométrica Balke",2))+((O66-OFFSET(O$16,MATCH(O66,O$17:O$34,1),))/(OFFSET(O$16,MATCH(O66,O$17:O$34,1)+1,)-OFFSET(O$16,MATCH(O66,O$17:O$34,1),)))) -> #NAME? | Q66: =Q51 -> 141.9 | R66: =IF(Q$17="","",OFFSET($B$16,MATCH(Q66,Q$17:Q$34,1),_xludf.IFS(Q$15="Teste de Esteira Progressiva",1,Q$15="Teste Bicicleta ergométrica Balke",2))+((Q66-OFFSET(Q$16,MATCH(Q66,Q$17:Q$34,1),))/(OFFSET(Q$16,MATCH(Q66,Q$17:Q$34,1)+1,)-OFFSET(Q$16,MATCH(Q66,Q$17:Q$34,1),)))) -> #NAME? | S66: =S51 -> #VALUE! | T66: =IF(S$17="","",OFFSET($B$16,MATCH(S66,S$17:S$34,1),_xludf.IFS(S$15="Teste de Esteira Progressiva",1,S$15="Teste Bicicleta ergométrica Balke",2))+((S66-OFFSET(S$16,MATCH(S66,S$17:S$34,1),))/(OFFSET(S$16,MATCH(S66,S$17:S$34,1)+1,)-OFFSET(S$16,MATCH(S66,S$17:S$34,1),)))) | U66: =U51 -> #VALUE! | V66: =IF(U$17="","",OFFSET($B$16,MATCH(U66,U$17:U$34,1),_xludf.IFS(U$15="Teste de Esteira Progressiva",1,U$15="Teste Bicicleta ergométrica Balke",2))+((U66-OFFSET(U$16,MATCH(U66,U$17:U$34,1),))/(OFFSET(U$16,MATCH(U66,U$17:U$34,1)+1,)-OFFSET(U$16,MATCH(U66,U$17:U$34,1),)))) | W66: =W51 -> #VALUE! | X66: =IF(W$17="","",OFFSET($B$16,MATCH(W66,W$17:W$34,1),_xludf.IFS(W$15="Teste de Esteira Progressiva",1,W$15="Teste Bicicleta ergométrica Balke",2))+((W66-OFFSET(W$16,MATCH(W66,W$17:W$34,1),))/(OFFSET(W$16,MATCH(W66,W$17:W$34,1)+1,)-OFFSET(W$16,MATCH(W66,W$17:W$34,1),)))) | Y66: =Y51 -> #VALUE! | Z66: =IF(Y$17="","",OFFSET($B$16,MATCH(Y66,Y$17:Y$34,1),_xludf.IFS(Y$15="Teste de Esteira Progressiva",1,Y$15="Teste Bicicleta ergométrica Balke",2))+((Y66-OFFSET(Y$16,MATCH(Y66,Y$17:Y$34,1),))/(OFFSET(Y$16,MATCH(Y66,Y$17:Y$34,1)+1,)-OFFSET(Y$16,MATCH(Y66,Y$17:Y$34,1),)))) | AA66: =AA51 -> #VALUE! | AB66: =IF(AA$17="","",OFFSET($B$16,MATCH(AA66,AA$17:AA$34,1),_xludf.IFS(AA$15="Teste de Esteira Progressiva",1,AA$15="Teste Bicicleta ergométrica Balke",2))+((AA66-OFFSET(AA$16,MATCH(AA66,AA$17:AA$34,1),))/(OFFSET(AA$16,MATCH(AA66,AA$17:AA$34,1)+1,)-OFFSET(AA$16,MATCH(AA66,AA$17:AA$34,1),)))) | AC66: =AC51 -> #VALUE! | AD66: =IF(AC$17="","",OFFSET($B$16,MATCH(AC66,AC$17:AC$34,1),_xludf.IFS(AC$15="Teste de Esteira Progressiva",1,AC$15="Teste Bicicleta ergométrica Balke",2))+((AC66-OFFSET(AC$16,MATCH(AC66,AC$17:AC$34,1),))/(OFFSET(AC$16,MATCH(AC66,AC$17:AC$34,1)+1,)-OFFSET(AC$16,MATCH(AC66,AC$17:AC$34,1),)))) | AE66: =AE51 -> #VALUE! | AF66: =IF(AE$17="","",OFFSET($B$16,MATCH(AE66,AE$17:AE$34,1),_xludf.IFS(AE$15="Teste de Esteira Progressiva",1,AE$15="Teste Bicicleta ergométrica Balke",2))+((AE66-OFFSET(AE$16,MATCH(AE66,AE$17:AE$34,1),))/(OFFSET(AE$16,MATCH(AE66,AE$17:AE$34,1)+1,)-OFFSET(AE$16,MATCH(AE66,AE$17:AE$34,1),)))) | AG66: =AG51 -> #VALUE! | AH66: =IF(AG$17="","",OFFSET($B$16,MATCH(AG66,AG$17:AG$34,1),_xludf.IFS(AG$15="Teste de Esteira Progressiva",1,AG$15="Teste Bicicleta ergométrica Balke",2))+((AG66-OFFSET(AG$16,MATCH(AG66,AG$17:AG$34,1),))/(OFFSET(AG$16,MATCH(AG66,AG$17:AG$34,1)+1,)-OFFSET(AG$16,MATCH(AG66,AG$17:AG$34,1),))))
